index,name,分类号,装备外观,重量,触发编号,强度,保留,物品外观,最大持久,防御下限,防御上限,魔御下限,魔御上限,攻击下限,攻击上限,魔法下限,魔法上限,道术下限,道术上限,佩戴需求,佩戴等级,价格,叠加上限,掉落图片,保留2,？
1,金创药(小量),0,0,1,0,0,0,168,1,20,0,0,0,0,0,0,0,0,0,0,0,80,1,,0,0
2,魔法药(小量),0,0,1,0,0,0,175,1,0,0,30,0,0,0,0,0,0,0,0,0,80,1,,0,0
3,肉,40,0,3,0,0,0,188,10000,0,0,0,0,0,0,0,0,0,0,0,0,200,10,,0,0
4,粗布衣(男),10,1,5,0,1,0,117,5000,0,2,0,1,0,0,0,0,0,0,0,1,120,1,,0,0
5,粗布衣(女),11,1,5,0,1,0,125,5000,0,2,0,1,0,0,0,0,0,0,0,1,120,1,,0,0
6,桃木剑,5,1,7,0,1,0,1,4000,0,0,0,0,2,6,0,0,0,0,0,1,50,1,1,0,0
7,铁剑,5,2,10,0,1,0,6,10000,0,0,0,0,6,9,0,0,0,0,0,10,1200,10,6,0,0
8,铜剑,5,2,9,0,1,0,4,6000,0,0,0,0,3,8,0,0,0,0,0,5,900,1,4,0,0
9,轻盔(男),10,2,8,0,1,0,118,8000,3,3,1,2,0,0,0,0,0,0,0,11,3000,1,,0,0
10,轻盔(女),11,2,8,0,1,0,126,8000,3,3,1,2,0,0,0,0,0,0,0,11,3000,1,,0,0
11,干肉,1,0,1,0,0,0,216,1,0,0,0,0,0,0,0,0,0,0,0,0,10,10,,0,0
13,凝霜剑,5,13,20,0,1,0,19,20000,0,0,0,0,10,14,0,0,0,0,0,25,8000,10,19,0,0
14,小火球,4,1,1,0,0,0,197,7,0,0,0,0,0,0,0,0,0,0,0,0,500,1,,0,1
15,治疗术,4,2,1,0,0,0,197,7,0,0,0,0,0,0,0,0,0,0,0,0,500,1,,0,1
16,初级剑法,4,0,1,0,0,0,197,7,0,0,0,0,0,0,0,0,0,0,0,0,500,1,,0,1
17,蜡烛,30,0,1,0,0,0,211,8000,0,0,0,0,0,0,0,0,0,0,0,0,10,10,,0,0
18,短剑,5,4,9,0,1,0,5,8000,0,0,0,0,3,12,0,0,0,0,0,10,1000,10,5,0,0
19,精神战法,4,2,1,0,0,0,197,9,0,0,0,0,0,0,0,0,0,0,0,0,500,1,,0,1
20,青铜斧,5,3,10,0,1,0,7,10000,0,0,0,0,2,15,0,0,0,0,0,13,1500,1,7,0,0
21,重盔(女),11,3,23,0,1,0,127,25000,4,7,2,3,0,0,0,0,0,0,0,22,12000,10,,0,0
22,魔袍(女),11,4,12,0,1,0,128,20000,3,5,3,4,0,0,0,2,0,0,0,22,10000,10,,0,0
23,灵魂战甲(女),11,5,15,0,1,0,129,20000,3,6,3,3,0,0,0,0,0,2,0,22,10000,10,,0,0
24,重盔(男),10,3,23,0,1,0,119,25000,4,7,2,3,0,0,0,0,0,0,0,22,12000,10,,0,0
25,魔袍(男),10,4,12,0,1,0,120,20000,3,5,3,4,0,0,0,2,0,0,0,22,10000,10,,0,0
26,灵魂战甲(男),10,5,15,0,1,0,121,20000,3,6,3,3,0,0,0,0,0,2,0,22,10000,10,,0,0
27,火炎刀,4,1,1,0,0,0,197,19,0,0,0,0,0,0,0,0,0,0,0,0,2000,10,,0,1
28,攻杀剑法,4,0,1,0,0,0,197,19,0,0,0,0,0,0,0,0,0,0,0,0,2000,1,,0,1
29,施毒术,4,2,1,0,0,0,197,14,0,0,0,0,0,0,0,0,0,0,0,0,1000,1,,0,1
30,匕首,5,6,5,0,1,0,2,10000,0,0,0,0,4,6,0,0,0,0,0,1,500,1,2,0,0
31,井中月,5,17,58,0,1,0,21,30000,0,0,0,0,7,23,0,0,0,0,0,28,30000,10,21,0,0
32,银蛇剑,5,9,26,0,1,0,20,24000,0,1,0,0,7,14,0,0,1,3,0,26,15000,10,20,0,0
33,海魂叉,6,8,12,0,1,0,8,12000,0,0,0,0,3,10,1,3,0,0,0,15,3000,1,8,0,0
34,修罗战斧,5,7,40,0,1,0,16,25000,0,0,0,0,0,21,0,0,0,0,0,22,10000,10,16,0,0
35,炼狱战斧,6,11,60,0,1,0,18,28000,0,0,0,0,0,25,0,0,0,0,0,26,25000,10,18,0,0
36,凌风剑,5,5,20,0,1,0,11,18000,0,0,0,0,6,13,0,0,0,0,0,19,5000,10,11,0,0
37,破魂刀,5,20,8,0,1,0,13,11000,0,2,0,0,8,11,0,0,0,0,0,20,5000,10,13,0,0
38,斩马,5,10,27,0,1,0,15,19000,0,0,0,0,5,16,0,0,0,0,0,20,6000,10,15,0,0
39,叶子,42,0,1,0,0,0,192,1,0,0,0,0,0,0,0,0,0,0,0,0,50,10,,0,0
40,牙齿,42,0,1,0,0,0,193,1,0,0,0,0,0,0,0,0,0,0,0,0,50,10,,0,0
41,果实,42,0,1,0,0,0,194,1,0,0,0,0,0,0,0,0,0,0,0,0,300,10,,0,0
42,蝎尾,42,0,1,0,0,0,195,1,0,0,0,0,0,0,0,0,0,0,0,0,50,10,,0,0
43,蛆卵,42,0,1,0,0,0,196,1,0,0,0,0,0,0,0,0,0,0,0,0,500,10,,0,0
44,绿色毒药(少量),25,1,1,0,0,0,230,5000,0,0,0,0,0,0,0,0,0,0,0,0,5000,10,,0,0
45,红色毒药(少量),25,2,1,0,0,0,232,5000,0,0,0,0,0,0,0,0,0,0,0,0,5000,10,,0,0
46,铜戒指,22,0,1,0,1,0,41,5000,0,0,0,0,0,1,0,0,0,0,0,3,500,1,,0,0
47,青铜头盔,15,0,4,0,1,0,133,8000,0,1,0,0,0,0,0,0,0,0,0,10,1000,10,,0,0
48,纯金项链,20,0,1,0,1,0,69,8000,0,0,0,1,0,1,0,0,0,0,0,2,500,1,,0,0
49,铁手镯,24,0,1,0,1,0,90,4000,0,1,0,0,0,0,0,0,0,0,0,3,800,1,,0,0
50,绿色毒药(中量),25,1,2,0,0,0,231,10000,0,0,0,0,0,0,0,0,0,0,0,1,10000,10,,0,0
51,绿色毒药(大量),25,1,3,0,0,0,172,15000,0,0,0,0,0,0,0,0,0,0,0,1,15000,10,,0,0
52,红色毒药(中量),25,2,2,0,0,0,233,10000,0,0,0,0,0,0,0,0,0,0,0,1,10000,10,,0,0
53,红色毒药(大量),25,2,3,0,0,0,173,15000,0,0,0,0,0,0,0,0,0,0,0,1,15000,10,,0,0
54,乌木剑,5,1,8,0,1,0,3,7000,0,0,0,0,4,9,0,1,0,0,0,1,4000,10,3,0,0
55,魔法权杖,6,12,10,0,1,0,17,15000,0,0,0,0,5,9,2,5,0,0,0,26,25000,10,17,0,0
56,八荒刀,5,15,25,27,1,0,9,18000,0,0,0,0,6,12,0,0,0,0,0,15,5000,1,9,0,0
57,兔肉,40,0,1,0,0,0,188,4000,0,0,0,0,0,0,0,0,0,0,0,0,80,10,,0,0
58,水晶戒指,22,0,1,0,1,0,40,3000,0,0,0,0,0,0,0,0,0,1,0,7,800,1,,0,0
59,兽角戒指,22,0,1,0,1,0,42,6000,0,0,0,1,0,1,0,0,0,0,0,9,1000,1,,0,0
60,蓝水晶戒指,22,0,1,0,1,0,44,5000,0,0,0,2,1,0,0,0,0,0,0,16,1500,1,,0,0
61,八角戒指,22,0,1,0,1,0,43,6000,0,0,0,0,0,0,0,1,0,0,0,7,800,1,,0,0
62,黑檀木项链,20,0,1,0,1,0,72,8000,0,0,0,0,0,0,1,0,0,0,0,13,1200,1,,0,0
63,黄水晶项链,20,0,1,0,1,0,71,8000,0,0,0,0,0,0,0,0,1,0,0,13,1200,1,,0,0
64,黑水晶项链,20,0,1,0,1,0,73,8000,0,0,0,0,1,0,0,0,0,0,0,13,1500,1,,0,0
65,魔力头盔,15,0,4,0,1,0,134,8000,0,1,1,1,0,0,0,0,0,0,0,14,2000,1,,0,0
66,战斗号角,44,0,1,0,1,0,199,1,0,0,0,0,0,0,0,0,0,0,0,0,1000,10,,0,1
67,半月刀,5,16,16,0,1,0,10,14000,0,0,0,0,5,11,0,1,1,1,0,15,4000,1,10,0,0
68,皮手套,26,0,2,0,1,0,112,6000,0,1,0,0,0,0,0,0,0,0,0,7,1500,1,,0,0
69,坚固手套,26,0,3,0,1,0,111,8000,0,2,0,0,0,0,0,0,0,0,0,18,7000,10,,0,0
70,精钢手镯,26,0,1,0,1,0,94,5000,0,1,0,1,0,0,0,0,0,0,0,8,2000,1,,0,0
71,生铁戒指,22,0,1,0,1,0,45,5000,0,2,0,0,0,0,0,1,0,0,2,9,3000,10,,0,0
72,金戒指,22,0,1,0,1,0,49,5000,0,0,0,3,1,1,1,1,1,1,0,22,8000,10,,0,0
73,灯笼项链,19,0,1,0,1,0,76,8000,0,1,0,0,1,0,0,0,0,0,0,18,3000,1,,0,0
74,虎齿项链,19,0,1,0,2,0,75,7000,0,2,0,0,0,0,0,0,1,1,3,11,3000,10,,0,0
75,魅力戒指,23,0,1,0,1,0,51,5000,0,0,0,0,0,0,1,2,0,0,0,23,4000,10,,0,0
76,道士戒指,23,0,1,0,1,0,50,5000,0,0,0,0,0,0,0,0,1,2,0,23,4000,10,,0,0
77,白金项链,20,0,1,0,1,0,74,6000,0,0,0,0,0,0,0,2,0,0,2,10,2000,10,,0,0
78,降妖戒指,22,0,1,0,1,0,52,5000,0,0,0,4,1,2,1,2,1,2,0,25,10000,10,,0,0
79,敏捷手链,20,0,1,0,1,0,110,8000,0,0,0,3,0,0,0,0,0,0,3,12,25000,10,,0,0
80,地牢卷轴,3,1,1,0,0,0,184,1,0,0,0,0,0,0,0,0,0,0,0,1,100,10,,0,1
81,偃月刀,6,18,13,0,1,0,12,12000,0,0,0,0,4,11,1,3,0,0,0,20,10000,10,12,0,0
82,降魔剑,5,14,20,0,1,0,14,17000,0,1,0,0,6,12,0,0,1,2,0,20,10000,10,14,0,0
83,准确项链,20,0,1,0,1,0,70,8000,0,1,0,0,0,0,0,0,0,0,0,3,1000,1,,0,0
84,小手镯,26,0,1,0,1,0,91,5000,0,0,0,1,0,0,0,0,0,0,0,5,1000,1,,0,0
85,纯银手镯,24,0,2,0,1,0,92,7000,0,0,0,1,0,0,0,0,0,0,0,7,1500,1,,0,0
86,大护腕,26,0,2,0,1,0,93,10000,1,1,0,0,0,0,0,0,0,0,0,9,5000,10,,0,0
87,鹤嘴锄,6,19,10,0,1,0,25,10000,0,0,0,0,0,9,0,0,0,0,0,11,700,1,25,0,0
88,隐身戒指,22,111,1,0,2,0,66,4000,0,0,0,0,0,0,0,0,0,0,0,12,25000,10,,0,0
89,抗拒火环,4,1,1,0,0,0,197,12,0,0,0,0,0,0,0,0,0,0,0,0,500,1,,0,1
90,地狱火焰,4,1,1,0,0,0,197,16,0,0,0,0,0,0,0,0,0,0,0,0,1000,1,,0,1
91,雷电术,4,1,1,0,0,0,197,17,0,0,0,0,0,0,0,0,0,0,0,0,1000,1,,0,1
92,疾光电影,4,1,1,0,0,0,197,26,0,0,0,0,0,0,0,0,0,0,0,0,10000,10,,0,1
93,灵魂道符,4,2,1,0,0,0,197,18,0,0,0,0,0,0,0,0,0,0,0,0,1000,1,,0,1
94,幽灵盾,4,2,1,0,0,0,197,22,0,0,0,0,0,0,0,0,0,0,0,0,5000,10,,0,1
95,神圣战甲术,4,2,1,0,0,0,197,25,0,0,0,0,0,0,0,0,0,0,0,0,10000,10,,0,1
96,金创药(中量),0,0,2,0,0,0,169,1,50,0,0,0,0,0,0,0,0,0,0,0,200,10,,0,0
97,魔法药(中量),0,0,2,0,0,0,176,1,0,0,80,0,0,0,0,0,0,0,0,0,200,10,,0,0
98,黑色水晶戒指,22,0,1,0,1,0,47,5000,0,0,0,0,0,2,0,0,0,0,0,20,2000,10,,0,0
99,恶魔项链,20,0,1,0,1,0,78,8000,0,0,0,0,2,0,0,0,0,0,0,17,2500,1,,0,0
100,珊瑚戒指,22,0,1,0,1,0,54,5000,0,0,0,0,0,4,0,0,0,0,0,25,10000,10,,0,0
101,翡翠项链,20,0,1,0,1,0,80,8000,0,0,0,0,2,2,0,0,0,0,0,23,10000,10,,0,0
102,魔眼戒指,22,0,1,0,1,0,48,5000,0,0,0,0,0,0,0,2,0,0,0,20,2000,10,,0,0
103,琥珀明珠,20,0,1,0,1,0,77,6000,0,0,0,0,0,0,2,0,0,0,0,17,2000,1,,0,0
104,道符,34,5,1,0,0,0,187,10000,0,0,0,0,0,0,0,0,0,0,0,0,500,10,,0,0
105,刺杀剑术,4,0,1,0,0,0,197,25,0,0,0,0,0,0,0,0,0,0,0,0,5000,10,,0,1
106,魔镜,20,0,1,0,1,0,82,6000,0,0,0,0,0,0,1,3,0,0,0,24,6000,10,,0,0
107,红宝戒指,22,0,1,0,1,0,55,5000,0,0,0,0,0,0,0,4,0,0,2,17,15000,10,,0,0
108,珍珠戒指,22,0,1,0,1,0,46,5000,0,0,0,0,0,0,0,0,0,2,0,20,2000,10,,0,0
109,骨笛,20,0,1,0,1,0,81,7000,0,0,0,0,0,0,0,0,1,3,0,24,6000,10,,0,0
110,白金戒指,22,0,1,0,1,0,53,5000,0,0,0,0,0,0,0,0,0,4,3,17,15000,10,,0,0
111,死神戒指,22,0,1,0,1,0,56,5000,0,0,0,0,0,3,0,0,0,0,1,30,5000,10,,0,0
112,龙戒,22,0,1,0,1,0,57,5000,0,0,0,0,0,5,0,0,0,0,1,37,20000,10,,0,0
113,死神手套,26,0,2,0,1,0,109,8000,0,0,0,0,1,2,0,0,0,0,0,22,8000,10,,0,0
114,死神头盔,15,0,5,0,1,0,136,8000,2,3,0,0,0,0,0,0,0,0,1,30,8000,10,,0,0
115,魔法手镯,26,0,1,0,1,0,95,7000,0,1,1,2,0,0,0,0,0,0,0,18,4000,18,,0,0
116,金手镯,26,0,1,0,1,0,98,7000,0,0,2,3,0,1,0,0,0,0,0,23,7000,10,,0,0
117,道士头盔,15,0,3,0,1,0,135,8000,1,2,2,3,0,0,0,0,0,0,0,24,5000,10,,0,0
118,瞬移戒指,22,112,1,0,2,0,59,5000,0,0,0,0,0,0,0,0,0,0,0,12,50000,10,,0,1
119,小手镯,26,0,1,0,1,0,91,5000,0,0,0,1,0,0,0,0,0,0,0,5,1000,10,,0,0
120,猛士手镯,26,0,1,0,1,0,102,8000,0,0,0,0,2,2,0,0,0,0,1,39,15000,10,,0,0
121,绿色项链,20,0,1,0,2,0,83,8000,0,0,0,0,2,5,0,0,0,0,1,39,20000,10,,0,0
122,凤凰项链,20,0,1,0,1,0,113,7000,0,1,0,0,0,0,0,0,1,2,0,17,2000,1,,0,0
123,道士手镯,26,0,1,0,1,0,96,7000,0,0,0,0,0,0,0,0,0,1,0,19,4000,1,,0,0
124,三眼护腕,26,0,1,0,2,0,100,7000,1,1,0,0,0,0,0,0,1,3,3,22,10000,10,,0,0
125,灵魂项链,20,0,1,0,2,0,84,7000,1,2,0,0,0,0,0,0,1,6,3,23,25000,10,,0,0
126,黑檀木手镯,26,0,1,0,1,0,97,6000,0,0,0,0,0,0,0,1,0,0,0,19,4000,1,,0,0
127,魔魂手镯,26,0,1,0,1,0,101,6000,0,0,0,0,0,0,0,2,0,0,2,24,10000,10,,0,0
128,恶魔铃,20,0,1,0,21,0,85,6000,1,2,0,0,0,0,0,7,0,0,2,27,25000,10,,0,0
129,铜矿,43,0,4,0,0,0,200,10000,0,0,0,0,0,0,0,0,0,0,0,0,500,10,,0,0
130,铁矿,43,0,4,0,0,0,201,10000,0,0,0,0,0,0,0,0,0,0,0,0,1000,10,,0,0
131,银矿,43,0,4,0,0,0,203,10000,0,0,0,0,0,0,0,0,0,0,0,0,2500,10,,0,0
132,金矿,43,0,4,0,0,0,202,10000,0,0,0,0,0,0,0,0,0,0,0,0,6000,10,,0,0
133,战士神油,3,10,1,0,1,0,181,1,0,0,0,0,0,0,0,0,0,0,0,0,1000,10,,0,0
134,回城卷轴,3,3,1,0,0,0,183,1,0,0,0,0,0,0,0,0,0,0,0,0,500,10,,0,1
135,祝福神油,3,4,1,0,1,0,179,1,0,0,0,0,0,0,0,0,0,0,0,0,1000,10,,0,0
136,麻痹戒指,22,113,1,0,2,0,62,5000,0,0,0,0,0,1,0,0,0,0,0,16,20000,10,,0,0
137,重生戒指,22,114,1,0,2,0,65,5000,0,1,0,1,0,0,0,0,0,0,0,16,20000,10,,0,1
138,魔戒,22,115,1,0,2,0,64,5000,0,0,0,0,0,0,1,2,0,0,0,16,20000,10,,0,1
139,防御戒指,22,116,1,0,2,0,61,5000,0,0,0,0,0,0,0,0,1,2,0,16,20000,10,,0,1
141,护体戒指,22,118,1,0,2,0,60,5000,0,1,0,0,0,0,0,0,0,0,0,16,20000,10,,0,0
142,神力戒指,22,119,1,0,2,0,63,5000,0,0,0,0,0,1,0,0,0,0,0,16,20000,10,,0,0
143,技能项链,20,120,1,0,2,0,86,8000,0,0,0,0,0,0,0,0,0,0,0,16,20000,10,,0,0
144,疾风戒指,23,0,1,0,1,0,58,5000,1,0,0,0,0,1,0,0,0,0,0,16,20000,10,,0,0
145,命中手镯,24,0,1,0,1,0,103,7000,0,2,0,0,0,0,0,0,0,0,0,16,20000,10,,0,0
146,疾风项链,21,0,1,0,1,0,88,8000,2,0,0,0,0,1,0,0,0,0,0,19,20000,10,,0,0
147,躲避手镯,24,0,1,0,1,0,104,7000,0,0,0,2,0,0,0,0,0,0,0,19,20000,10,,0,0
148,探知项链,20,121,1,0,2,0,87,8000,0,0,0,0,0,0,0,0,0,0,0,1,20000,10,,0,1
149,困魔咒,4,2,1,0,0,0,197,28,0,0,0,0,0,0,0,0,0,0,0,1,8000,10,,0,1
150,骷髅召唤术,4,2,1,0,0,0,197,19,0,0,0,0,0,0,0,0,0,0,0,1,2000,10,,0,1
151,隐身术,4,2,1,0,0,0,197,20,0,0,0,0,0,0,0,0,0,0,0,1,2000,10,,0,1
152,集体隐身术,4,2,1,0,0,0,197,21,0,0,0,0,0,0,0,0,0,0,0,1,3000,10,,0,1
153,诱惑之光,4,1,1,0,0,0,197,13,0,0,0,0,0,0,0,0,0,0,0,1,1000,1,,0,1
154,瞬间移动,4,1,1,0,0,0,197,19,0,0,0,0,0,0,0,0,0,0,0,1,2000,1,,0,1
155,火墙,4,1,1,0,0,0,197,24,0,0,0,0,0,0,0,0,0,0,0,1,3000,10,,0,1
156,爆裂火焰,4,1,1,0,0,0,197,22,0,0,0,0,0,0,0,0,0,0,0,1,3000,10,,0,1
157,地狱雷光,4,1,1,0,0,0,197,30,0,0,0,0,0,0,0,0,0,0,0,1,8000,10,,0,1
158,半月弯刀,4,0,1,0,0,0,197,28,0,0,0,0,0,0,0,0,0,0,0,1,8000,10,,0,1
159,太阳神水,0,1,1,0,0,0,180,1,30,0,40,0,0,0,0,0,0,0,0,1,1000,10,,394536,0
160,魔神雕像,44,1,1,0,1,0,204,1,0,0,0,0,0,0,0,0,0,0,0,1,1000,10,,0,1
161,金创药(大量),0,0,3,0,0,0,170,1,90,0,0,0,0,0,0,0,0,0,0,1,550,10,,0,0
162,魔法药(大量),0,0,3,0,0,0,177,1,0,0,150,0,0,0,0,0,0,0,0,1,550,10,,0,0
163,随机卷轴,3,2,1,0,0,0,185,1,0,0,0,0,0,0,0,0,0,0,0,1,100,10,,0,1
164,无极,5,21,15,0,2,0,23,25000,0,0,0,0,8,16,0,0,3,5,3,25,50000,10,23,0,0
165,血饮,5,22,12,0,2,0,22,20000,0,5,0,0,3,14,3,5,0,0,2,27,50000,10,22,0,0
166,裁决,6,24,80,0,2,0,24,32000,0,0,0,0,0,30,0,0,0,0,0,30,60000,10,24,0,0
167,记忆戒指,22,122,1,0,2,0,138,7000,0,0,0,0,0,0,0,0,1,3,0,26,20000,10,,0,1
168,记忆项链,19,123,1,0,1,0,140,8000,0,0,0,0,2,4,0,0,0,0,0,26,10000,10,,0,0
169,记忆手镯,24,124,1,0,1,0,139,6000,0,0,0,0,0,0,1,1,0,0,0,26,10000,10,,0,0
170,记忆头盔,15,125,7,0,1,0,141,8000,3,3,0,0,0,0,0,0,0,0,0,26,10000,10,,0,0
171,祈祷之刃,5,23,10,0,1,8,144,20000,0,3,0,1,9,20,0,0,0,0,0,20,50000,10,40,0,0
172,祈祷手镯,26,0,1,0,1,8,145,5000,0,0,0,0,0,2,0,0,0,0,0,15,10000,10,,0,0
173,祈祷项链,21,0,1,0,1,8,143,5000,0,0,0,0,0,0,0,0,0,4,0,15,10000,10,,0,0
174,祈祷戒指,23,0,1,0,1,8,142,5000,0,0,0,0,0,0,1,5,0,0,0,15,10000,10,,0,0
175,祈祷头盔,15,0,2,0,1,8,146,5000,3,4,1,2,0,0,0,0,0,0,0,18,20000,10,,0,0
176,沙城回城卷,3,5,1,0,0,0,186,1,0,0,0,0,0,0,0,0,0,0,0,1,800,10,,0,1
177,修复油,3,9,1,0,1,0,182,1,0,0,0,0,0,0,0,0,0,0,0,1,800,10,,0,0
178,黑铁矿石,43,0,4,0,0,0,217,10000,0,0,0,0,0,0,0,0,0,0,0,0,1000,10,,0,0
179,生命项链,20,0,1,0,1,0,115,6000,1,1,0,0,0,0,1,5,0,0,2,25,10000,10,,0,0
180,力量戒指,22,0,3,0,2,0,114,6000,0,0,0,0,0,6,0,0,0,0,1,46,20000,10,,0,0
181,心灵护腕,26,0,1,0,1,0,99,7000,0,0,0,0,0,0,0,0,1,2,3,24,13000,10,,0,0
182,黑铁头盔,15,0,20,0,2,0,137,10000,4,5,2,3,0,0,0,0,0,0,1,46,25000,10,,0,0
183,烈火剑法,4,0,1,0,1,0,197,35,0,0,0,0,0,0,0,0,0,0,0,0,20000,10,,0,1
184,野蛮冲撞,4,0,1,0,0,0,197,30,0,0,0,0,0,0,0,0,0,0,0,0,8000,10,,0,1
186,群体治愈术,4,2,1,0,0,0,197,33,0,0,0,0,0,0,0,0,0,0,0,0,10000,10,,0,1
187,召唤神兽,4,2,1,0,1,0,197,35,0,0,0,0,0,0,0,0,0,0,0,0,20000,10,,0,1
188,魔法盾,4,1,1,0,0,0,197,31,0,0,0,0,0,0,0,0,0,0,0,0,10000,10,,0,1
189,圣言术,4,1,1,0,0,0,197,32,0,0,0,0,0,0,0,0,0,0,0,0,10000,10,,0,1
190,冰咆哮,4,1,1,0,1,0,197,35,0,0,0,0,0,0,0,0,0,0,0,0,20000,10,,0,1
191,超级金创药,31,0,20,161,0,0,171,6,0,0,0,0,0,0,0,0,0,0,0,0,3400,10,,394531,0
192,超级魔法药,31,0,20,162,0,0,178,6,0,0,0,0,0,0,0,0,0,0,0,0,3400,10,,394530,0
193,强效太阳神水,0,1,2,0,0,0,223,1,50,0,80,0,0,0,0,0,0,0,0,0,2000,10,,394537,0
197,彩票,3,11,1,0,0,0,205,1,0,0,0,0,0,0,0,0,0,0,0,0,455,10,,0,0
198,中盔(男),10,2,12,0,1,0,118,12000,3,5,1,2,0,0,0,0,0,0,0,16,6000,1,,0,0
199,中盔(女),11,2,12,0,1,0,126,12000,3,5,1,2,0,0,0,0,0,0,0,16,6000,1,,0,0
206,命运,5,29,48,0,1,0,30,20000,0,0,0,0,12,16,0,0,0,0,0,35,23000,10,30,0,0
207,屠龙刀,5,26,99,0,2,0,26,33000,0,0,0,0,5,35,0,0,0,0,0,34,60000,10,26,0,0
208,龙纹,5,25,40,0,2,0,27,22000,0,0,0,0,8,20,0,0,3,6,0,35,50000,10,27,0,0
209,嗜魂,6,27,26,0,2,0,28,10000,0,0,0,0,6,13,2,8,0,0,0,35,50000,10,28,0,0
210,碧螺戒指,22,0,2,0,2,0,116,5000,0,0,0,0,0,0,0,5,0,0,2,24,15000,10,,0,0
211,泰坦戒指,22,0,3,0,2,0,67,5000,0,0,0,0,0,0,0,0,2,6,3,24,15000,10,,0,0
212,幽冥手套,26,0,5,0,1,0,106,8000,0,3,0,0,0,0,0,0,0,0,0,25,8000,10,,0,0
213,阎罗手套,26,0,10,0,1,0,107,8000,0,4,0,0,0,0,0,0,0,0,0,30,10000,10,,0,0
214,龙鳞手镯,26,0,3,0,2,0,105,6000,0,0,0,0,0,0,0,3,0,0,2,28,12000,10,,0,0
215,天珠项链,20,0,1,0,1,0,79,7000,0,0,0,0,0,0,0,0,1,5,3,22,10000,10,,0,0
216,幽冥项链,20,0,1,0,1,0,89,8000,0,0,0,0,0,5,0,0,0,0,0,24,10000,10,,0,0
217,火把,30,0,3,0,0,0,212,20000,0,0,0,0,0,0,0,0,0,0,0,0,500,10,,0,0
219,鹿茸,0,1,5,0,0,0,244,1,100,0,100,0,0,0,0,0,0,0,0,0,10,10,,0,0
220,骨玉,6,28,20,0,2,0,29,18000,0,0,0,0,6,12,2,6,0,0,0,35,50000,10,29,0,0
221,神秘戒指,22,130,1,0,1,0,147,5000,0,0,0,0,0,0,0,0,0,0,0,18,100,10,,0,0
222,神秘腰带,26,130,1,0,1,0,149,8000,0,0,0,0,0,0,0,0,0,0,0,18,100,10,,0,0
223,神秘头盔,15,130,10,0,1,0,148,10000,0,0,0,0,0,0,0,0,0,0,0,18,100,10,,0,0
224,解除神水,3,13,1,0,0,0,224,1,0,0,0,0,0,0,0,0,0,0,0,0,100,10,,0,0
226,金条,3,200,10,0,1,0,190,1,0,0,0,0,0,0,0,0,0,0,0,0,100,10,,0,0
233,魔力手镯,26,0,2,0,1,0,108,4000,0,0,0,0,0,1,0,0,0,0,0,20,8000,10,,0,0
237,治疗药水,0,1,1,0,0,0,174,0,100,0,160,0,0,0,0,0,0,0,0,0,5000,10,,0,0
241,恶魔长袍(女),11,7,19,0,1,0,132,25000,4,7,3,4,0,0,1,4,0,0,2,28,22000,10,,0,0
242,恶魔长袍(男),10,7,19,0,1,0,124,25000,4,7,3,4,0,0,1,4,0,0,2,28,22000,10,,0,0
243,幽灵战甲(女),11,8,26,0,1,0,131,28000,4,7,3,4,0,0,0,0,1,4,3,27,22000,10,,0,0
244,幽灵战甲(男),10,8,26,0,1,0,123,28000,4,7,3,4,0,0,0,0,1,4,3,27,22000,10,,0,0
245,战神(男),10,6,45,0,1,0,122,30000,5,9,3,5,0,0,0,0,0,0,1,46,25000,10,,0,0
246,战神(女),11,6,45,0,1,0,130,30000,5,9,3,5,0,0,0,0,0,0,1,46,25000,10,,0,0
256,金创药（小）包,31,0,7,1,0,0,235,6,0,0,0,0,0,0,0,0,0,0,0,0,680,10,,394535,0
257,魔法药（小）包,31,0,7,2,0,0,236,6,0,0,0,0,0,0,0,0,0,0,0,0,680,10,,394534,0
258,金创药（中）包,31,0,14,96,0,0,237,6,0,0,0,0,0,0,0,0,0,0,0,0,1520,10,,394533,0
259,魔法药（中）包,31,0,14,97,0,0,238,6,0,0,0,0,0,0,0,0,0,0,0,0,1520,10,,394532,0
260,地牢逃脱卷包,35,0,6,80,0,0,240,6,0,0,0,0,0,0,0,0,0,0,0,0,800,10,,0,1
261,随机传送卷包,35,0,6,163,0,0,241,6,0,0,0,0,0,0,0,0,0,0,0,0,800,10,,0,1
262,回城卷包,35,0,6,134,0,0,242,6,0,0,0,0,0,0,0,0,0,0,0,0,3200,10,,0,1
263,行会回城卷包,35,0,6,176,0,0,243,6,0,0,0,0,0,0,0,0,0,0,0,0,6200,10,,0,1
265,魔力头盔,15,0,4,0,1,0,134,8000,0,1,1,1,0,0,0,0,0,0,0,14,2000,10,,0,0
266,求婚戒指,22,0,1,0,1,0,68,10000,0,0,0,0,0,0,0,0,0,0,0,0,1000,10,,0,1
267,血剑,5,30,45,0,1,0,31,25000,0,0,0,0,15,20,0,0,0,0,0,40,25000,10,31,0,0
268,金砖,3,200,52,0,1,0,191,1,0,0,0,0,0,0,0,0,0,0,0,0,100,10,,0,0
269,宝箱,47,0,20,0,1,0,198,1,0,0,0,0,0,0,0,0,0,0,0,0,100,10,,0,0
270,道符（大）,34,5,3,0,0,0,239,20000,0,0,0,0,0,0,0,0,0,0,0,0,1000,10,,0,0
272,圣战头盔,15,0,20,0,2,0,150,7000,4,5,2,3,0,1,0,0,0,0,1,40,35000,10,,0,0
273,法神头盔,15,0,2,0,2,0,154,7000,4,4,1,2,0,0,0,1,0,0,2,28,35000,10,,0,0
274,天尊头盔,15,0,3,0,2,0,158,7000,4,4,1,2,0,0,0,0,0,1,3,25,35000,10,,0,0
275,圣战手镯,26,0,2,0,2,0,152,7000,0,1,0,0,2,3,0,0,0,0,1,40,35000,10,,0,0
276,法神手镯,26,0,1,0,2,0,156,7000,0,1,0,0,0,0,0,4,0,0,2,28,35000,10,,0,0
277,天尊手镯,26,0,1,0,2,0,160,7000,1,2,0,0,0,0,0,0,1,4,3,25,35000,10,,0,0
278,圣战戒指,22,0,2,0,2,0,151,7000,0,0,0,1,0,7,0,0,0,0,1,40,35000,10,,0,0
279,法神戒指,22,0,1,0,2,0,155,7000,0,0,0,1,0,0,1,6,0,0,2,28,35000,10,,0,0
280,天尊戒指,22,0,1,0,2,0,159,7000,0,0,0,1,0,0,0,0,2,7,3,25,35000,10,,0,0
281,圣战项链,20,0,2,0,2,0,153,7000,0,0,0,0,3,6,0,0,0,0,1,40,35000,10,,0,0
282,法神项链,20,0,1,0,2,0,157,7000,1,2,0,0,0,0,1,8,0,0,2,28,35000,10,,0,0
283,天尊项链,20,0,1,0,2,0,161,7000,1,2,0,0,0,0,0,0,2,7,3,25,35000,10,,0,0
284,罗刹棒,5,7,30,0,1,0,33,25000,0,0,0,0,16,0,0,0,0,0,0,15,10000,10,33,0,0
285,攻击神水,3,12,3,0,0,0,218,0,0,0,0,180,5,0,0,0,0,0,0,0,500,10,,0,0
286,魔力神水,3,12,3,0,0,0,219,0,0,0,0,180,0,0,3,0,0,0,0,0,500,10,,0,0
287,精神神水,3,12,3,0,0,0,220,0,0,0,0,180,0,0,0,0,3,0,0,0,500,10,,0,0
288,极速神水,3,12,3,0,0,0,221,0,0,1,0,180,0,0,0,0,0,0,0,0,500,10,,0,0
293,赤血魔剑,5,30,22,0,1,8,32,23000,0,1,0,0,15,10,4,3,4,2,0,0,500000,10,32,0,1
294,魔血戒指,22,133,2,25,1,0,162,4000,0,0,0,0,1,3,0,0,1,0,0,35,100000,10,,0,0
295,魔血手镯,26,134,2,25,1,0,163,4000,0,0,0,0,0,0,0,0,0,1,0,33,100000,10,,0,0
296,魔血项链,20,135,2,25,1,0,164,4000,0,0,0,0,2,2,1,3,0,0,0,33,100000,10,,0,0
297,嗜血戒指,22,136,2,5,1,0,165,4000,0,0,0,0,0,4,0,0,0,0,0,33,100000,10,,0,0
298,嗜血手镯,26,137,2,5,1,0,166,4000,0,0,0,0,0,0,0,0,0,2,0,33,100000,10,,0,0
299,嗜血项链,20,138,2,5,1,0,167,4000,0,0,0,0,0,0,0,4,0,0,0,33,100000,10,,0,0
300,血剑碎片,41,1,1,0,0,0,209,4000,0,0,0,0,0,0,0,0,0,0,0,1,500,10,,0,0
307,红蛇果,44,1,5,0,0,0,210,0,0,0,0,0,0,0,0,0,0,0,0,0,500,10,,0,1
308,火炬,30,0,2,0,0,0,213,50000,0,0,0,0,0,0,0,0,0,0,0,0,2000,10,,0,0
309,星王冠,15,0,1,0,2,0,222,10000,5,5,5,5,0,0,0,0,0,0,0,0,1000,10,,0,0
310,荣誉勋章11号,30,0,0,0,1,0,214,50000,0,1,0,0,0,0,0,0,0,0,0,28,1000,10,,0,1
311,荣誉勋章12号,30,0,0,0,1,0,214,50000,0,0,0,1,0,0,0,0,0,0,0,28,1000,10,,0,1
312,荣誉勋章13号,30,0,0,0,1,0,214,50000,0,0,0,0,0,1,0,0,0,0,0,28,1000,10,,0,1
313,荣誉勋章14号,30,0,0,0,1,0,214,50000,0,0,0,0,0,0,0,1,0,0,0,28,1000,10,,0,1
314,荣誉勋章15号,30,0,0,0,1,0,214,50000,0,0,0,0,0,0,0,0,0,1,0,28,1000,10,,0,1
315,荣誉勋章21号,30,0,0,0,1,0,214,50000,0,2,0,0,0,0,0,0,0,0,0,28,1000,10,,0,1
316,荣誉勋章22号,30,0,0,0,1,0,214,50000,0,0,0,2,0,0,0,0,0,0,0,28,1000,10,,0,1
317,荣誉勋章23号,30,0,0,0,1,0,214,50000,0,0,0,0,0,2,0,0,0,0,0,28,1000,10,,0,1
318,荣誉勋章24号,30,0,0,0,1,0,214,50000,0,0,0,0,0,0,0,2,0,0,0,28,1000,10,,0,1
319,荣誉勋章25号,30,0,0,0,1,0,214,50000,0,0,0,0,0,0,0,0,0,2,0,28,1000,10,,0,1
320,荣誉勋章31号,30,0,0,0,1,0,214,50000,1,2,0,0,0,0,0,0,0,0,0,28,1000,10,,0,1
321,荣誉勋章32号,30,0,0,0,1,0,214,50000,0,0,1,2,0,0,0,0,0,0,0,28,1000,10,,0,1
322,荣誉勋章33号,30,0,0,0,1,0,214,50000,0,0,0,0,1,2,0,0,0,0,0,28,1000,10,,0,1
323,荣誉勋章34号,30,0,0,0,1,0,214,50000,0,0,0,0,0,0,1,2,0,0,0,28,1000,10,,0,1
324,荣誉勋章35号,30,0,0,0,1,0,214,50000,0,0,0,0,0,0,0,0,1,2,0,28,1000,10,,0,1
325,荣誉勋章41号,30,0,0,0,2,0,214,50000,1,3,0,0,0,0,0,0,0,0,0,28,1000,10,,0,1
326,荣誉勋章42号,30,0,0,0,2,0,214,50000,0,0,1,3,0,0,0,0,0,0,0,28,1000,10,,0,1
327,荣誉勋章43号,30,0,0,0,2,0,214,50000,0,0,0,0,1,3,0,0,0,0,0,28,1000,10,,0,1
328,荣誉勋章44号,30,0,0,0,2,0,214,50000,0,0,0,0,0,0,1,3,0,0,0,28,1000,10,,0,1
329,荣誉勋章45号,30,0,0,0,2,0,214,50000,0,0,0,0,0,0,0,0,1,3,0,28,1000,10,,0,1
400,马鞭,5,40,10,0,1,0,39,10000,0,0,0,0,0,0,0,0,0,0,0,15,8000,10,39,0,0
401,战士兽化,4,0,1,0,1,0,197,38,0,0,0,0,0,0,0,0,0,0,0,0,40000,10,,0,1
402,道士兽化,4,2,1,0,1,0,197,38,0,0,0,0,0,0,0,0,0,0,0,0,40000,10,,0,1
403,化身蝙蝠,4,1,1,0,1,0,197,42,0,0,0,0,0,0,0,0,0,0,0,0,40000,10,,0,1
404,狮子吼,4,2,1,0,0,0,197,26,0,0,0,0,0,0,0,0,0,0,0,0,5000,10,,0,1
405,家禽百科,47,0,1,0,0,0,197,1,0,0,0,0,0,0,0,0,0,0,0,0,0,10,,0,1
406,刀功料理,47,0,1,0,0,0,197,1,0,0,0,0,0,0,0,0,0,0,0,0,0,10,,0,1
407,大关刀,5,50,20,0,1,0,36,20000,0,0,0,0,10,16,0,0,0,0,0,27,20000,10,36,0,0
408,方天画戢,5,51,20,0,1,0,37,26000,0,0,0,0,21,0,5,0,5,0,0,28,50000,10,37,0,0
409,狼牙棒,5,52,15,0,1,0,38,13000,0,0,0,0,2,13,1,5,0,0,0,23,30000,10,38,0,0
410,离别钩,5,53,30,0,1,0,34,26000,0,0,0,0,7,15,0,0,1,4,0,28,50000,10,34,0,0
411,铜锤,5,54,70,0,2,0,35,30000,0,0,0,0,0,27,0,0,0,0,0,28,10000,10,35,0,0
430,木材,48,0,3,0,0,0,245,10000,0,0,0,0,0,0,0,0,0,0,0,0,1600,10,,0,0
412,雷霆怒斩,5,41,85,0,2,0,246,35000,0,3,0,0,12,26,0,0,0,0,1,46,100000,10,41,0,0
413,逍遥无极扇,5,42,45,0,2,0,247,30000,1,0,0,0,5,13,0,0,4,10,0,35,100000,10,42,0,0
414,龙牙利刃,5,43,25,0,2,0,248,28000,0,5,0,0,10,18,3,6,0,0,2,28,100000,10,43,0,0
431,蟾酥,42,0,1,0,0,0,249,1,0,0,0,0,0,0,0,0,0,0,0,0,40,10,,0,0
415,硬木剑,5,1,7,0,1,0,1,4000,1,0,0,0,2,5,0,0,0,0,0,1,50,1,1,0,0
416,竹剑,5,1,7,0,1,0,1,4000,0,0,1,0,3,6,0,0,0,0,0,1,50,1,1,0,0
417,光芒手套,26,0,8,0,1,0,250,6000,1,3,0,0,0,0,0,0,0,0,0,29,10000,10,,0,0
418,楼兰手镯,26,0,1,0,1,0,251,6000,0,0,0,0,0,0,0,0,0,2,0,21,10000,10,,0,0
419,思诺项链,20,0,1,0,1,0,252,7000,0,0,0,0,0,0,0,0,1,4,0,27,20000,10,,0,0
420,紫晶戒指,22,0,1,0,1,0,253,5000,0,0,0,0,0,0,0,3,0,0,0,27,12000,10,,0,0
421,天珑手镯,26,0,1,0,1,0,254,6000,0,0,0,0,0,0,1,1,0,0,0,21,8000,10,,0,0
422,天鹰项链,20,0,1,0,1,0,255,7000,0,0,0,0,1,2,0,0,0,0,0,21,8000,10,,0,0
423,纯银项链,20,0,1,0,1,0,256,8000,0,1,0,0,0,1,0,0,0,0,0,6,4000,1,,0,0
424,铜手镯,26,0,1,0,1,0,257,4000,0,1,0,0,0,0,0,0,0,0,0,4,1000,1,,0,0
425,马牌,33,0,0,0,1,0,258,20000,0,0,0,0,0,0,0,0,0,0,0,20,8000,10,,0,1
426,马牌(空),32,0,1,0,1,0,259,0,0,0,0,0,0,0,0,0,0,0,0,20,8000,10,,0,1
427,牛肉,40,0,3,0,0,0,188,10000,0,0,0,0,0,0,0,0,0,0,0,0,200,10,,0,0
428,鹿肉,40,0,3,0,0,0,188,10000,0,0,0,0,0,0,0,0,0,0,0,0,210,10,,0,0
429,猪肉,40,0,3,0,0,0,188,10000,0,0,0,0,0,0,0,0,0,0,0,0,190,10,,0,0
432,狼肉,40,0,3,0,0,0,188,10000,0,0,0,0,0,0,0,0,0,0,0,0,220,10,,0,0
334,天魔战甲,10,9,62,0,2,0,276,35000,5,12,4,7,1,2,0,0,0,0,0,40,50000,10,,0,0
335,法神披风,10,10,21,0,2,0,277,26000,4,9,4,6,0,0,2,5,0,0,0,40,50000,10,,0,0
336,天尊道袍,10,11,37,0,2,0,278,30000,4,9,4,6,0,0,0,0,2,5,0,40,50000,10,,0,0
337,圣战战甲,11,9,62,0,2,0,279,35000,5,12,4,7,1,2,0,0,0,0,0,40,50000,10,,0,0
338,法神羽衣,11,10,21,0,2,0,280,26000,4,9,4,6,0,0,2,5,0,0,0,40,50000,10,,0,0
339,天师道袍,11,11,37,0,2,0,281,30000,4,9,4,6,0,0,0,0,2,5,0,40,50000,10,,0,0
330,龙牙利刃,5,43,25,0,2,0,248,28000,0,5,0,0,10,18,3,6,0,0,2,28,100000,10,43,0,0
331,雷霆怒斩,5,41,85,0,2,0,246,35000,0,3,0,0,12,26,0,0,0,0,1,46,100000,10,41,0,0
332,逍遥无极扇,5,42,45,0,2,0,247,30000,1,0,0,0,5,13,0,0,4,10,0,35,100000,10,42,0,0
289,体力强效神水,3,12,3,0,0,0,207,0,50,0,0,120,0,0,0,0,0,0,0,0,500,10,,0,0
290,魔力强效神水,3,12,3,0,0,0,208,0,0,0,50,120,0,0,0,0,0,0,0,0,500,10,,0,0
255,万年雪霜,0,1,2,0,0,0,206,1,100,0,100,0,0,0,0,0,0,0,0,0,4000,10,,0,0
228,鹿血,0,1,1,0,0,0,234,1,20,0,20,0,0,0,0,0,0,0,0,0,100,10,,0,0
194,骰子,45,6,1,0,0,0,264,1,0,0,0,0,0,0,0,0,0,0,0,0,3000,10,,0,0
195,木料,45,2,1,0,0,0,245,1,0,0,0,0,0,0,0,0,0,0,0,0,500,10,,0,0
205,药剂师的信,46,1,1,0,0,0,263,1,0,0,0,0,0,0,0,0,0,0,0,0,10,10,,0,1
235,佛牌,45,2,1,0,0,0,245,1,0,0,0,0,0,0,0,0,0,0,0,0,0,10,,0,0
236,介绍信,46,1,1,0,0,0,263,0,0,0,0,0,0,0,0,0,0,0,0,0,0,10,,0,1
239,祈福项链,20,0,1,0,1,0,143,10000,0,0,0,0,0,0,0,0,0,0,0,0,0,10,,0,0
240,牢犯匕首,5,6,5,0,1,0,2,0,0,0,0,0,0,0,0,0,0,0,0,0,0,10,2,0,1
253,骑兵竞技入场牌,46,1,2,0,0,0,260,1,0,0,0,0,0,0,0,0,0,0,0,0,4000,10,,0,1
264,筹码包,35,0,14,253,0,0,261,6,0,0,0,0,0,0,0,0,0,0,0,0,6200,10,,0,1
304,玉水晶,44,1,5,0,0,0,262,0,0,0,0,0,0,0,0,0,0,0,0,0,500,10,,0,1
185,狮子吼,4,2,1,0,0,0,197,26,0,0,0,0,0,0,0,0,0,0,0,0,5000,10,,0,1
218,头盔,15,0,5,0,1,0,134,1000,0,0,0,0,0,0,0,0,0,0,0,1,10,10,,0,0
433,残影刀法,4,0,1,0,0,0,197,15,0,0,0,0,0,0,0,0,0,0,0,0,2000,1,,0,1
434,血影刀法,4,0,1,0,0,0,197,12,0,0,0,0,0,0,0,0,0,0,0,0,2000,1,,0,1
435,护身真气,4,0,1,0,0,0,197,19,0,0,0,0,0,0,0,0,0,0,0,0,2000,10,,0,1
436,抱月刀,4,0,1,0,0,0,197,27,0,0,0,0,0,0,0,0,0,0,0,0,8000,10,,0,1
437,雷霆剑,4,0,1,0,1,0,197,34,0,0,0,0,0,0,0,0,0,0,0,0,20000,10,,0,1
438,诅咒术,4,2,1,0,0,0,197,14,0,0,0,0,0,0,0,0,0,0,0,0,1000,1,,0,1
439,赶尸,4,2,1,0,0,0,197,19,0,0,0,0,0,0,0,0,0,0,0,0,2000,10,,0,1
440,替身法符,4,2,1,0,0,0,197,20,0,0,0,0,0,0,0,0,0,0,0,0,2000,10,,0,1
441,灵魂墙,4,2,1,0,0,0,197,28,0,0,0,0,0,0,0,0,0,0,0,0,8000,10,,0,1
442,冰箭术,4,1,1,0,0,0,197,17,0,0,0,0,0,0,0,0,0,0,0,0,1000,1,,0,0
443,风火轮,4,1,1,0,0,0,197,21,0,0,0,0,0,0,0,0,0,0,0,0,2000,10,,0,1
444,冰龙破,4,1,1,0,0,0,197,26,0,0,0,0,0,0,0,0,0,0,0,0,10000,10,,0,1
445,玄冰刃,4,1,1,0,0,0,197,29,0,0,0,0,0,0,0,0,0,0,0,0,8000,10,,0,1
446,五雷轰,4,1,1,0,1,0,197,34,0,0,0,0,0,0,0,0,0,0,0,0,20000,10,,0,1
447,冰旋风,4,1,1,0,1,0,197,37,0,0,0,0,0,0,0,0,0,0,0,0,40000,10,,0,1
448,雄稻草人偶(小),25,1,1,1,0,0,270,5000,0,0,0,0,0,0,0,0,0,0,0,0,5000,10,,0,0
449,雄稻草人偶(中),25,1,2,1,0,0,271,10000,0,0,0,0,0,0,0,0,0,0,0,0,10000,10,,0,0
450,雄稻草人偶(大),25,1,3,1,0,0,272,15000,0,0,0,0,0,0,0,0,0,0,0,0,15000,10,,0,0
451,雌稻草人偶(小),25,2,1,1,0,0,273,5000,0,0,0,0,0,0,0,0,0,0,0,0,5000,10,,0,0
452,雌稻草人偶(中),25,2,2,1,0,0,274,10000,0,0,0,0,0,0,0,0,0,0,0,0,10000,10,,0,0
453,雌稻草人偶(大),25,2,3,1,0,0,275,15000,0,0,0,0,0,0,0,0,0,0,0,0,15000,10,,0,0
454,天机令,44,0,1,0,1,0,282,1,0,0,0,0,0,0,0,0,0,0,0,0,1000,10,,0,1
2000,布靴,81,0,1,0,1,0,1000,4000,0,1,0,0,0,0,0,0,0,0,0,3,,10,,0,0
2001,鹿皮靴,81,0,2,0,1,0,1001,7000,0,0,0,1,0,0,0,0,0,0,0,7,,10,,0,0
2002,一刀,5,1,7,0,1,0,1,40000,0,0,0,0,11,10,0,0,0,0,0,1,50,10,1,0,0
455,击破,4,0,1,0,1,0,197,21,0,0,0,0,0,0,0,0,0,0,0,0,2000,10,,0,1
456,锻造,4,0,1,0,1,0,197,7,0,0,0,0,0,0,0,0,0,0,0,0,500,10,,0,1
457,祝福,4,2,1,0,1,0,197,9,0,0,0,0,0,0,0,0,0,0,0,0,500,10,,0,1
458,竞技彩票一号,49,1,1,0,1,0,205,1,0,0,0,0,0,0,0,0,0,0,0,0,2000,10,,0,1
459,竞技彩票二号,49,2,1,0,1,0,205,1,0,0,0,0,0,0,0,0,0,0,0,0,2000,10,,0,1
460,竞技彩票三号,49,3,1,0,1,0,205,1,0,0,0,0,0,0,0,0,0,0,0,0,2000,10,,0,1
461,竞技彩票四号,49,4,1,0,1,0,205,1,0,0,0,0,0,0,0,0,0,0,0,0,2000,10,,0,1
462,赤明,5,32,60,0,2,0,32,30000,0,0,0,0,22,28,0,0,0,0,0,52,100000,10,32,0,0
463,月卡,47,0,1,0,1,0,197,1,0,0,0,0,0,0,0,0,0,0,0,0,1000,10,,0,1
464,天诛,6,24,80,0,2,0,24,32000,0,0,0,0,30,0,0,0,0,0,0,30,60000,10,24,0,0
465,帝灵,6,12,10,0,2,0,17,15000,0,0,0,0,9,5,5,2,0,0,0,26,25000,10,17,0,0
466,鬼影,5,9,26,0,2,0,20,24000,0,1,0,0,14,7,0,0,3,1,0,26,15000,10,20,0,0
467,伐木斧,5,3,8,0,1,0,7,10000,0,0,0,0,1,7,0,0,0,0,0,8,800,10,7,0,0
468,金鹏宝甲(男),10,12,20,0,2,0,293,30000,8,14,2,3,0,1,0,3,0,2,5,33,60000,10,,0,1
469,金鹏宝甲(女),11,12,20,0,2,0,294,30000,8,14,2,3,0,1,0,3,0,2,5,33,60000,10,,0,1
470,明王头盔,15,0,8,0,2,0,297,7000,4,5,1,2,0,1,0,1,0,1,5,24,30000,10,,0,1
471,龙牙戒指,22,0,1,0,2,0,299,7000,0,0,0,0,0,6,1,5,2,3,5,27,35000,10,,0,1
472,狂魔手镯,26,0,2,0,2,0,298,7000,0,1,0,0,2,3,0,4,1,2,5,27,35000,10,,0,1
473,天羽项链,20,0,2,0,1,0,300,7000,0,0,0,0,2,5,0,7,1,5,5,27,35000,10,,0,1
474,撼天,5,47,30,0,2,0,283,30000,0,0,0,0,18,13,0,0,4,1,0,32,80000,10,47,0,0
475,暗月,5,44,25,0,2,0,284,30000,0,0,0,0,16,8,7,2,0,0,0,32,80000,10,44,0,0
476,冥日,5,20,25,0,2,0,285,28000,0,0,0,0,27,0,5,1,3,1,5,2560,80000,10,50,0,1
477,鬼炎,5,46,80,0,2,0,286,35000,0,0,0,0,36,0,0,0,0,0,0,32,100000,10,46,0,0
478,魔法药(大量),0,0,3,0,0,0,177,1,0,0,150,0,0,0,0,0,0,0,0,1,550,10,45,0,0
479,神之刃,5,51,80,0,2,0,288,40000,0,0,0,0,10,32,0,0,0,0,5,33,100000,10,51,0,1
480,聆雨剑,5,48,25,0,2,0,289,28000,0,0,0,0,6,14,3,7,0,0,5,27,100000,10,48,0,1
481,火玫瑰,5,49,1,0,1,3,290,1000,0,0,0,0,0,3,0,0,0,0,0,0,1000,10,49,0,0
483,蟠桃,0,0,1,0,0,0,292,1,0,0,150,0,0,0,0,0,0,0,0,1,550,10,,0,0
484,鹿角,30,130,0,0,1,0,295,10000,0,0,0,0,0,0,0,0,0,0,0,0,1,10,0,0,0
485,红包,36,0,1,0,1,0,296,1,0,0,0,0,0,0,0,0,0,0,0,0,2000,10,,0,1
486,碧海天王,5,51,80,0,2,0,288,40000,0,0,0,0,10,32,0,0,0,0,5,33,100000,10,51,0,1
487,紫月圣君,5,48,25,0,2,0,289,28000,0,0,0,0,6,14,3,7,0,0,5,27,10000,10,48,0,1
489,烟火,47,0,1,0,1,0,301,1,0,0,0,0,0,0,0,0,0,0,0,0,1000,10,0,0,1
490,鞭炮,51,0,1,0,1,0,302,1,0,0,0,0,0,0,0,0,0,0,0,0,10,10,0,0,1
491,宝盒,50,0,3,0,1,0,303,60,0,0,0,0,0,0,0,0,0,0,0,0,0,10,0,0,1
492,鞭炮（大捆）,35,0,6,490,1,0,304,6,0,0,0,0,0,0,0,0,0,0,0,0,60,10,0,0,1
493,道符包,35,0,6,270,1,0,305,6,0,0,0,0,0,0,0,0,0,0,0,0,3200,10,0,0,1
494,花冠,15,0,2,0,1,0,291,5000,2,3,2,3,0,0,0,0,0,0,0,28,1,10,0,0,0
495,宝盒1,50,0,3,0,1,0,303,60,0,0,0,0,0,0,0,0,0,0,0,0,0,10,0,0,1
496,宝盒2,50,0,3,0,1,0,303,60,0,0,0,0,0,0,0,0,0,0,0,0,0,10,0,0,1
497,宝盒3,50,0,3,0,1,0,303,60,0,0,0,0,0,0,0,0,0,0,0,0,0,10,0,0,1
498,宝盒4,50,0,3,0,1,0,303,60,0,0,0,0,0,0,0,0,0,0,0,0,0,10,0,0,1
499,门票,46,0,1,0,1,0,183,0,0,0,0,0,0,0,0,0,0,0,0,0,0,10,0,0,1
500,雷电术卷轴,2,11,1,0,1,3,183,1000,0,0,0,0,0,0,0,0,0,0,0,0,0,10,0,0,0
501,五雷轰卷轴,2,53,1,0,1,3,183,1000,0,0,0,0,0,0,0,0,0,0,0,0,0,10,0,0,0
502,冰龙破卷轴,2,51,1,0,1,3,183,1000,0,0,0,0,0,0,0,0,0,0,0,0,0,10,0,0,0
503,神圣战甲术卷轴,2,15,1,0,1,3,183,1000,0,0,0,0,0,0,0,0,0,0,0,0,0,10,0,0,0
504,困魔咒卷轴,2,16,1,0,1,3,183,1000,0,0,0,0,0,0,0,0,0,0,0,0,0,10,0,0,0
505,灵魂墙卷轴,2,48,1,0,1,3,183,1000,0,0,0,0,0,0,0,0,0,0,0,0,0,10,0,0,0
506,幽灵盾卷轴,2,14,1,0,1,3,183,1000,0,0,0,0,0,0,0,0,0,0,0,0,0,10,0,0,0
507,雷霆剑卷轴,2,44,1,0,1,3,183,1000,0,0,0,0,0,0,0,0,0,0,0,0,0,10,0,0,0
508,抱月刀卷轴,2,43,1,0,1,3,183,1000,0,0,0,0,0,0,0,0,0,0,0,0,0,10,0,0,0
509,传奇世界,44,0,1,0,1,0,184,1000,0,0,0,0,0,0,0,0,0,0,0,0,0,10,0,0,1
510,英雄年代,44,0,1,0,1,0,184,1000,0,0,0,0,0,0,0,0,0,0,0,0,0,10,0,0,1
511,梦幻国度,44,0,1,0,1,0,184,1000,0,0,0,0,0,0,0,0,0,0,0,0,0,10,0,0,1
512,黑暗之戒,38,0,1,4,1,0,116,2,0,0,0,0,0,0,0,0,0,0,0,0,0,10,0,0,1
513,王者之戒,22,0,1,0,2,0,215,7000,0,4,0,4,1,8,1,8,1,8,5,36,200000,10,0,0,1
514,碧海青天卷轴,36,1,1,0,1,3,183,1000,0,0,0,0,0,0,0,0,0,0,0,0,0,10,0,0,0
515,细雨缠绵卷轴,36,1,1,1,1,3,183,1000,0,0,0,0,0,0,0,0,0,0,0,0,0,10,0,0,0
516,烟雨朦胧卷轴,36,1,1,2,1,3,183,1000,0,0,0,0,0,0,0,0,0,0,0,0,0,10,0,0,0
517,碧血黄沙卷轴,36,1,1,3,1,3,183,1000,0,0,0,0,0,0,0,0,0,0,0,0,0,10,0,0,0
518,玫瑰花雨卷轴,36,1,1,4,1,3,183,1000,0,0,0,0,0,0,0,0,0,0,0,0,0,10,0,0,0
519,紫樱缤纷卷轴,36,1,1,5,1,3,183,1000,0,0,0,0,0,0,0,0,0,0,0,0,0,10,0,0,0
520,飞雪连天卷轴,36,1,1,6,1,3,183,1000,0,0,0,0,0,0,0,0,0,0,0,0,0,10,0,0,0
521,心语心愿卷轴,36,1,1,7,1,3,183,1000,0,0,0,0,0,0,0,0,0,0,0,0,0,10,0,0,0
522,绿叶仙踪卷轴,36,1,1,8,1,3,183,1000,0,0,0,0,0,0,0,0,0,0,0,0,0,10,0,0,0
523,流星幻雨卷轴,36,1,1,9,1,3,183,1000,0,0,0,0,0,0,0,0,0,0,0,0,0,10,0,0,0
524,恭喜发财卷轴,36,1,1,10,1,3,183,1000,0,0,0,0,0,0,0,0,0,0,0,0,0,10,0,0,0
525,福满天下卷轴,36,1,1,11,1,3,183,1000,0,0,0,0,0,0,0,0,0,0,0,0,0,10,0,0,0
526,炼狱卷轴,3,6,1,0,1,3,184,1000,0,0,0,0,0,0,0,0,0,0,0,0,0,10,0,0,1
527,炼狱通行证,44,0,1,0,1,3,296,1000,0,0,0,0,0,0,0,0,0,0,0,0,0,10,0,0,1
528,金牌,44,0,1,0,1,0,214,1000,0,0,0,0,0,0,0,0,0,0,0,0,1,10,0,0,1
529,神秘卷轴,44,0,1,0,0,0,183,1000,0,0,0,0,0,0,0,0,0,0,0,0,10,10,,0,1
530,雪玫瑰,5,49,1,0,1,3,501,1000,0,0,0,0,0,3,0,0,0,0,0,0,1000,10,52,0,0
531,绝情斧,5,3,8,0,1,0,7,10000,0,0,0,0,0,7,0,0,0,0,0,32,30000,10,7,0,0
532,婚庆彩花,36,2,1,0,1,3,502,1000,0,0,0,0,0,0,0,0,0,0,0,0,0,10,0,0,1
533,婚庆彩花卷,35,0,1,532,1,3,243,6,0,0,0,0,0,0,0,0,0,0,0,0,0,10,0,0,1
534,心花怒放,52,70,1,0,1,3,502,300,0,0,0,0,0,0,0,0,0,0,0,0,0,10,0,0,0
535,寿桃,0,0,2,0,1,3,292,1,50,0,0,0,0,0,0,0,0,0,0,0,0,10,0,0,0
536,龙凤喜糖,0,0,3,0,0,0,504,1,90,0,0,0,0,0,0,0,0,0,0,1,550,10,0,0,0
537,迎亲宝马,33,1,0,0,2,3,258,5000,0,0,0,0,0,0,0,0,0,0,0,0,0,10,0,0,1
538,龙凤花烛,52,71,1,0,1,3,505,1800,0,0,0,0,0,0,0,0,0,0,0,0,0,10,0,0,0
539,龙凤喜帖,49,11,1,0,1,3,506,1000,0,0,0,0,0,0,0,0,0,0,0,0,0,10,0,0,1
540,龙凤红包,49,10,1,0,1,3,507,1000,0,0,0,0,0,0,0,0,0,0,0,0,0,10,0,0,1
541,姹紫嫣红,52,2,1,0,1,3,508,1000,0,0,0,0,0,0,0,0,0,0,0,0,0,10,0,0,0
542,红色恋人,52,3,1,0,1,3,509,1000,0,0,0,0,0,0,0,0,0,0,0,0,0,10,0,0,0
543,蓝色妖姬,52,4,1,0,1,3,510,1000,0,0,0,0,0,0,0,0,0,0,0,0,0,10,0,0,0
544,红粉佳人,52,5,1,0,1,3,511,1000,0,0,0,0,0,0,0,0,0,0,0,0,0,10,0,0,0
545,金碧辉煌,52,6,1,0,1,3,512,1000,0,0,0,0,0,0,0,0,0,0,0,0,0,10,0,0,0
546,心心相映,52,7,1,0,1,3,503,1000,0,0,0,0,0,0,0,0,0,0,0,0,0,10,0,0,0
547,天若有情,52,8,1,0,1,3,503,1000,0,0,0,0,0,0,0,0,0,0,0,0,0,10,0,0,0
548,双宿双飞,52,9,1,0,1,3,503,1000,0,0,0,0,0,0,0,0,0,0,0,0,0,10,0,0,0
549,花开并蒂,52,10,1,0,1,3,503,1000,0,0,0,0,0,0,0,0,0,0,0,0,0,10,0,0,0
550,地久天长,52,11,1,0,1,3,503,1000,0,0,0,0,0,0,0,0,0,0,0,0,0,10,0,0,0
551,龙凤绣球,50,1,3,0,1,3,513,15,0,0,0,0,0,0,0,0,0,0,0,0,0,10,0,0,1
552,奇怪的书,44,0,1,0,1,0,197,1000,0,0,0,0,0,0,0,0,0,0,0,0,10,10,0,0,1
553,树苗,36,3,1,0,1,3,514,10,0,0,0,0,0,0,0,0,0,0,0,0,0,10,0,0,1
554,树肥,36,4,1,0,1,3,515,2,0,0,0,0,0,0,0,0,0,0,0,0,0,10,0,0,1
555,龙凤阁宝玉,44,1,5,0,0,3,262,0,0,0,0,0,0,0,0,0,0,0,0,0,500,10,,0,1
556,嘉年华奖券,36,0,1,0,1,0,296,1,0,0,0,0,0,0,0,0,0,0,0,0,2000,10,,0,1
557,龙凤婚服(女),11,7,1,0,1,3,132,5000,1,3,0,0,0,0,0,0,0,0,0,7,0,10,,0,1
558,龙凤婚服(男),10,7,1,0,1,3,124,5000,1,3,0,0,0,0,0,0,0,0,0,7,0,10,,0,1
559,玫瑰花冠,15,0,1,0,1,3,291,5000,0,1,0,0,0,0,0,0,0,0,0,7,0,10,0,0,0
560,君子剑,5,130,8,0,1,3,31,20000,3,0,0,0,0,3,0,0,0,0,0,7,0,10,31,0,0
561,淑女剑,5,130,8,0,1,3,31,20000,3,0,0,0,0,3,0,0,0,0,0,7,0,10,31,0,0
562,近卫队铁骑,33,2,0,0,2,1,258,20000,0,0,0,0,0,0,0,0,0,0,0,0,0,10,0,0,1
563,蟠桃包,31,0,1,483,0,3,292,6,0,0,0,0,0,0,0,0,0,0,0,0,0,10,,0,0
564,喜糖包,31,0,1,536,0,3,504,6,0,0,0,0,0,0,0,0,0,0,0,0,0,10,,0,0
565,命运1,5,29,20,0,1,0,30,25000,1,1,0,0,1,22,0,0,0,0,0,25,10000,10,30,0,0
566,命运2,5,29,15,0,1,0,30,10000,1,1,0,0,0,0,1,4,0,0,0,25,10000,10,30,0,0
567,命运3,5,29,20,0,1,0,30,22000,1,1,0,0,12,14,0,0,1,3,0,25,10000,10,30,0,0
568,命运4,5,29,60,0,1,0,30,30000,2,2,0,0,2,23,0,0,0,0,0,30,20000,10,30,0,0
569,命运5,5,29,10,0,1,0,30,12000,2,2,0,0,0,0,1,5,0,0,0,30,20000,10,30,0,0
570,命运6,5,29,20,0,1,0,30,24000,2,2,0,0,12,14,0,0,1,4,0,30,20000,10,30,0,0
571,命运7,5,29,70,0,1,0,30,35000,3,3,0,0,1,27,0,0,0,0,0,35,30000,10,30,0,0
572,命运8,5,29,15,0,1,0,30,14000,3,3,0,0,0,0,2,5,0,0,0,35,30000,10,30,0,0
573,命运9,5,29,20,0,1,0,30,26000,3,3,0,0,12,14,0,0,2,4,0,35,30000,10,30,0,0
574,魔花冠1,15,0,2,0,1,2,291,5000,2,2,2,2,0,0,0,0,0,0,0,25,6000,10,0,0,0
575,魔花冠2,15,0,2,0,1,2,291,5000,3,3,3,3,0,0,0,1,0,0,0,25,30000,10,0,0,0
576,魔花冠3,15,0,2,0,1,2,291,5000,3,3,3,3,0,0,0,0,0,1,0,25,30000,10,0,0,0
577,魔花冠4,15,0,2,0,1,2,291,5000,3,3,3,3,0,1,0,0,0,0,0,25,30000,10,0,0,0
578,蓝魔之泪,44,1,5,0,0,0,262,0,0,0,0,0,0,0,0,0,0,0,0,0,0,10,,0,1
579,痴心一片,52,12,1,0,1,3,503,1000,0,0,0,0,0,0,0,0,0,0,0,0,0,10,0,0,0
580,两心缠绵,52,13,1,0,1,3,503,1000,0,0,0,0,0,0,0,0,0,0,0,0,0,10,0,0,0
581,真心一世,52,14,1,0,1,3,503,1000,0,0,0,0,0,0,0,0,0,0,0,0,0,10,0,0,0
582,魔法字体(楷),49,13,1,4,0,3,502,30,0,0,0,0,0,0,0,0,0,0,0,0,0,10,,0,1
583,魔法字体(黑),49,13,1,5,0,3,502,30,0,0,0,0,0,0,0,0,0,0,0,0,0,10,,0,1
584,魔法字体(幼圆),49,13,1,10,0,3,502,30,0,0,0,0,0,0,0,0,0,0,0,0,0,10,,0,1
585,魔法字体(宋斜),49,13,1,7,0,3,502,30,0,0,0,0,0,0,0,0,0,0,0,0,0,10,,0,1
586,魔法颜料(红),49,12,1,249,0,3,502,30,0,0,0,0,0,0,0,0,0,0,0,0,0,10,,0,1
587,魔法颜料(蓝),49,12,1,252,0,3,502,30,0,0,0,0,0,0,0,0,0,0,0,0,0,10,,0,1
588,魔法颜料(绿),49,12,1,250,0,3,502,30,0,0,0,0,0,0,0,0,0,0,0,0,0,10,,0,1
589,魔法颜料(粉红),49,12,1,253,0,3,502,30,0,0,0,0,0,0,0,0,0,0,0,0,0,10,,0,1
590,雪人变幻卷轴,52,72,1,0,1,3,502,900,0,0,0,0,0,0,0,0,0,0,0,0,0,10,0,0,0
591,骷髅变幻卷轴,52,73,1,0,1,3,502,900,0,0,0,0,0,0,0,0,0,0,0,0,0,10,0,0,0
592,战将变幻卷轴,52,74,1,0,1,3,502,900,0,0,0,0,0,0,0,0,0,0,0,0,0,10,0,0,0
593,大刀变幻卷轴,52,75,1,0,1,3,502,900,0,0,0,0,0,0,0,0,0,0,0,0,0,10,0,0,0
594,弓箭变幻卷轴,52,76,1,0,1,3,502,900,0,0,0,0,0,0,0,0,0,0,0,0,0,10,0,0,0
595,战魂真悟,4,0,1,0,0,0,197,30,0,0,0,0,0,0,0,0,0,0,0,1,10000,10,,0,1
596,破击剑法,4,0,1,0,2,0,197,36,0,0,0,0,0,0,0,0,0,0,0,1,10000,10,,0,1
597,破盾斩,4,0,1,0,2,0,197,39,0,0,0,0,0,0,0,0,0,0,0,1,10000,10,,0,1
598,金刚护体,4,0,1,0,2,0,197,41,0,0,0,0,0,0,0,0,0,0,0,1,10000,10,,0,1
599,突斩,4,0,1,0,2,0,197,37,0,0,0,0,0,0,0,0,0,0,0,1,10000,10,,0,1
600,法之魄,4,1,1,0,0,0,197,30,0,0,0,0,0,0,0,0,0,0,0,0,10000,1,,0,1
601,兽灵术,4,1,1,0,2,0,197,34,0,0,0,0,0,0,0,0,0,0,0,0,10000,1,,0,1
602,风影盾,4,1,1,0,2,0,197,39,0,0,0,0,0,0,0,0,0,0,0,0,10000,1,,0,1
604,狂龙紫电,4,1,1,0,2,0,197,40,0,0,0,0,0,0,0,0,0,0,0,0,10000,1,,0,1
605,道心清明,4,2,1,0,0,0,197,30,0,0,0,0,0,0,0,0,0,0,0,1,10000,10,,0,1
606,神光术,4,2,1,0,2,0,197,36,0,0,0,0,0,0,0,0,0,0,0,1,10000,10,,0,1
607,解毒术,4,2,1,0,2,0,197,38,0,0,0,0,0,0,0,0,0,0,0,1,10000,10,,0,1
608,强化骷髅术,4,2,1,0,2,0,197,42,0,0,0,0,0,0,0,0,0,0,0,1,10000,10,,0,1
609,幽冥火咒,4,2,1,0,2,0,197,39,0,0,0,0,0,0,0,0,0,0,0,1,10000,10,,0,1
610,天玉宝石1,55,0,1,0,0,0,306,10,0,0,0,0,0,0,0,0,0,0,0,0,0,10,,0,1
611,天玉宝石2,55,0,1,0,0,0,306,10,0,0,0,0,0,0,0,0,0,0,0,0,0,10,,0,1
612,天玉宝石3,55,0,1,0,0,0,306,10,0,0,0,0,0,0,0,0,0,0,0,0,0,10,,0,1
613,铁血令1,55,0,1,0,0,0,282,10,0,0,0,0,0,0,0,0,0,0,0,0,0,10,,0,1
614,铁血令2,55,0,1,0,0,0,282,10,0,0,0,0,0,0,0,0,0,0,0,0,0,10,,0,1
615,铁血令3,55,0,1,0,0,0,282,10,0,0,0,0,0,0,0,0,0,0,0,0,0,10,,0,1
616,青龙旗卷轴,52,77,1,0,1,3,502,900,0,0,0,0,0,0,0,0,0,0,0,0,0,10,,0,0
617,白虎旗卷轴,52,78,1,0,1,3,502,900,0,0,0,0,0,0,0,0,0,0,0,0,0,10,,0,0
618,玄武旗卷轴,52,79,1,0,1,3,502,900,0,0,0,0,0,0,0,0,0,0,0,0,0,10,,0,0
619,朱雀旗卷轴,52,80,1,0,1,3,502,900,0,0,0,0,0,0,0,0,0,0,0,0,0,10,,0,0
620,魔法字体(隶),49,13,1,11,0,3,502,30,0,0,0,0,0,0,0,0,0,0,0,0,0,10,,0,1
621,魔法字体(宋粗),49,13,1,8,0,3,502,30,0,0,0,0,0,0,0,0,0,0,0,0,0,10,,0,1
622,魔法颜料(紫),49,12,1,5,0,3,502,30,0,0,0,0,0,0,0,0,0,0,0,0,0,10,,0,1
623,魔法颜料(橙),49,12,1,70,0,3,502,30,0,0,0,0,0,0,0,0,0,0,0,0,0,10,,0,1
624,绘像卷轴,36,5,1,0,0,3,502,1,0,0,0,0,0,0,0,0,0,0,0,0,0,10,,0,1
625,高头大马,33,2,0,0,2,1,258,20000,0,0,0,0,0,0,0,0,0,0,0,0,0,10,0,0,1
626,霹雳法杖,6,55,26,0,2,0,483,10000,0,0,0,0,7,11,3,6,0,0,0,38,40000,10,55,0,0
627,雷裂刀,5,53,80,0,2,0,481,33000,0,0,0,0,13,25,0,0,0,0,0,37,45000,10,53,0,0
628,道玄剑,5,54,40,0,2,0,482,22000,0,0,0,0,8,19,0,0,4,5,0,36,45000,10,54,0,0
629,龙魂项链,20,0,1,0,2,0,486,7000,0,0,0,1,0,0,2,8,0,0,0,37,35000,10,,0,0
630,如意项链,19,0,1,0,2,0,485,7000,0,2,0,0,0,0,0,0,3,6,0,36,35000,10,,0,0
631,镇神项链,20,0,2,0,2,0,484,7000,0,2,0,1,4,7,0,0,0,0,0,38,35000,10,45,0,0
632,魔魂令牌,50,2,3,0,1,0,487,120,0,0,0,0,0,0,0,0,0,0,0,0,0,10,0,0,1
633,声望令牌(四十),44,0,1,0,2,0,282,1,0,0,0,0,0,0,0,0,0,0,0,0,1000,10,,0,1
634,声望令牌(十),44,0,1,0,1,0,282,1,0,0,0,0,0,0,0,0,0,0,0,0,1000,10,,0,1
635,声望令牌03,44,0,1,0,1,0,282,1,0,0,0,0,0,0,0,0,0,0,0,0,1000,10,,0,1
636,声望令牌04,44,0,1,0,1,0,282,1,0,0,0,0,0,0,0,0,0,0,0,0,1000,10,,0,1
637,声望令牌05,44,0,1,0,1,0,282,1,0,0,0,0,0,0,0,0,0,0,0,0,1000,10,,0,1
638,奖牌1,55,0,1,0,0,0,282,10,0,0,0,0,0,0,0,0,0,0,0,0,0,10,,0,1
639,奖牌2,55,0,1,0,0,0,282,10,0,0,0,0,0,0,0,0,0,0,0,0,0,10,,0,1
640,奖牌3,55,0,1,0,0,0,282,10,0,0,0,0,0,0,0,0,0,0,0,0,0,10,,0,1
641,奖牌4,55,0,1,0,0,0,282,10,0,0,0,0,0,0,0,0,0,0,0,0,0,10,,0,1
642,奖牌5,55,0,1,0,0,0,282,10,0,0,0,0,0,0,0,0,0,0,0,0,0,10,,0,1
643,奖牌6,55,0,1,0,0,0,282,10,0,0,0,0,0,0,0,0,0,0,0,0,0,10,,0,1
644,奖牌7,55,0,1,0,0,0,282,10,0,0,0,0,0,0,0,0,0,0,0,0,0,10,,0,1
645,奖牌8,55,0,1,0,0,0,282,10,0,0,0,0,0,0,0,0,0,0,0,0,0,10,,0,1
646,奖牌9,55,0,1,0,0,0,282,10,0,0,0,0,0,0,0,0,0,0,0,0,0,10,,0,1
647,奖牌10,55,0,1,0,0,0,282,10,0,0,0,0,0,0,0,0,0,0,0,0,0,10,,0,1
648,奖牌11,55,0,1,0,0,0,282,10,0,0,0,0,0,0,0,0,0,0,0,0,0,10,,0,1
649,奖牌12,55,0,1,0,0,0,282,10,0,0,0,0,0,0,0,0,0,0,0,0,0,10,,0,1
650,奖牌13,55,0,1,0,0,0,282,10,0,0,0,0,0,0,0,0,0,0,0,0,0,10,,0,1
651,奖牌14,55,0,1,0,0,0,282,10,0,0,0,0,0,0,0,0,0,0,0,0,0,10,,0,1
652,奖牌15,55,0,1,0,0,0,282,10,0,0,0,0,0,0,0,0,0,0,0,0,0,10,,0,1
653,奖牌16,55,0,1,0,0,0,282,10,0,0,0,0,0,0,0,0,0,0,0,0,0,10,,0,1
654,奖牌17,55,0,1,0,0,0,282,10,0,0,0,0,0,0,0,0,0,0,0,0,0,10,,0,1
655,奖牌18,55,0,1,0,0,0,282,10,0,0,0,0,0,0,0,0,0,0,0,0,0,10,,0,1
656,奖牌19,55,0,1,0,0,0,282,10,0,0,0,0,0,0,0,0,0,0,0,0,0,10,,0,1
657,奖牌20,55,0,1,0,0,0,282,10,0,0,0,0,0,0,0,0,0,0,0,0,0,10,,0,1
658,奖牌21,55,0,1,0,0,0,282,10,0,0,0,0,0,0,0,0,0,0,0,0,0,10,,0,1
659,声望令牌(一),44,0,1,0,1,0,282,1,0,0,0,0,0,0,0,0,0,0,0,0,1000,10,,0,1
660,声望令牌(三),44,0,1,0,1,0,282,1,0,0,0,0,0,0,0,0,0,0,0,0,1000,10,,0,1
661,声望令牌(五),44,0,1,0,1,0,282,1,0,0,0,0,0,0,0,0,0,0,0,0,1000,10,,0,1
662,奖券,55,0,1,0,0,0,205,10,0,0,0,0,0,0,0,0,0,0,0,0,0,10,,0,1
663,黄金宝马,33,4,0,0,2,1,258,20000,0,0,0,0,0,0,0,0,0,0,0,0,0,10,0,0,1
664,超级心花怒放,52,81,1,0,1,3,502,900,0,0,0,0,0,0,0,0,0,0,0,0,0,10,0,0,0
665,心心相印结,52,82,1,0,1,3,502,900,0,0,0,0,0,0,0,0,0,0,0,0,0,10,0,0,0
666,火热的心,52,15,1,0,1,3,503,1000,0,0,0,0,0,0,0,0,0,0,0,0,0,10,0,0,0
667,赤金,43,0,4,0,0,0,489,30000,0,0,0,0,0,0,0,0,0,0,0,0,0,10,,0,0
668,雪银,43,0,4,0,0,0,490,30000,0,0,0,0,0,0,0,0,0,0,0,0,0,10,,0,0
669,玄铁,43,0,4,0,0,0,491,30000,0,0,0,0,0,0,0,0,0,0,0,0,0,10,,0,0
670,混元神饰,30,1,1,0,2,2,492,30000,0,0,0,0,0,0,0,0,3,0,0,0,0,10,,0,1
671,玄天神饰,30,1,1,0,2,2,492,30000,0,0,0,0,0,0,0,0,3,0,0,0,0,10,,0,1
672,赤日神饰,30,1,1,0,2,2,492,25000,0,0,0,0,0,0,0,0,3,0,0,0,0,10,,0,1
673,苍月神饰,30,1,1,0,2,2,492,25000,0,0,0,0,0,0,0,0,2,0,0,0,0,10,,0,1
674,寒星神饰,30,1,1,0,2,2,492,25000,0,0,0,0,0,0,0,0,2,0,0,0,0,10,,0,1
675,文字焰火(杀),52,151,1,0,1,3,503,1000,0,0,0,0,0,0,0,0,0,0,0,0,0,10,0,0,0
676,文字焰火(攻),52,152,1,0,1,3,503,1000,0,0,0,0,0,0,0,0,0,0,0,0,0,10,0,0,0
677,文字焰火(回),52,153,1,0,1,3,503,1000,0,0,0,0,0,0,0,0,0,0,0,0,0,10,0,0,0
678,文字焰火(闪),52,154,1,0,1,3,503,1000,0,0,0,0,0,0,0,0,0,0,0,0,0,10,0,0,0
679,倚天剑,5,56,30,0,2,0,493,22000,3,0,0,0,10,18,0,0,5,12,0,43,60000,10,56,0,0
680,耀阳圣尊,5,45,45,0,2,0,287,30000,0,0,0,0,10,18,0,0,1,5,5,27,100000,10,45,0,1
681,打坐,56,0,1,0,0,0,168,1,20,0,0,0,0,0,0,0,0,0,0,0,80,1,,0,1
682,魂珠项链,20,0,1,0,2,0,494,7000,0,0,0,1,0,0,2,8,0,0,0,37,35000,10,,0,0
683,通灵项链,19,0,1,0,2,0,495,7000,0,2,0,2,0,0,0,0,3,6,0,36,35000,10,,0,0
684,神恩项链,20,0,2,0,2,0,496,7000,0,2,0,1,4,7,0,0,0,0,0,38,35000,10,45,0,0
685,十字斩秘笈,55,0,1,0,0,0,197,10,0,0,0,0,0,0,0,0,0,0,0,0,0,10,,0,1
686,末日审判秘笈,55,0,1,0,0,0,197,10,0,0,0,0,0,0,0,0,0,0,0,0,0,10,,0,1
687,龙王护身秘笈,55,0,1,0,0,0,197,10,0,0,0,0,0,0,0,0,0,0,0,0,0,10,,0,1
688,回旋斩秘笈,55,0,1,0,0,0,197,10,0,0,0,0,0,0,0,0,0,0,0,0,0,10,,0,1
689,羿王神箭秘笈,55,0,1,0,0,0,197,10,0,0,0,0,0,0,0,0,0,0,0,0,0,10,,0,1
690,毁灭之光秘笈,55,0,1,0,0,0,197,10,0,0,0,0,0,0,0,0,0,0,0,0,0,10,,0,1
691,秒杀,57,1,0,0,0,0,497,0,0,0,0,0,0,0,0,0,0,0,0,0,0,0,0,0,0
692,重击,57,2,0,0,0,0,497,0,0,0,0,0,0,0,0,0,0,0,0,0,0,0,,0,0
693,神御,57,3,0,0,0,0,497,0,0,0,0,0,0,0,0,0,0,0,0,0,0,0,,0,0
694,上古战魂4,57,4,0,0,0,0,497,0,0,0,0,0,0,0,0,0,0,0,0,0,0,0,,0,0
695,神佑,57,5,0,0,0,0,497,0,0,0,0,0,0,0,0,0,0,0,0,0,0,0,,0,0
696,混元神饰1,30,2,1,0,2,2,492,30000,0,0,0,0,3,0,0,0,0,0,0,0,0,10,,0,1
697,玄天神饰1,30,2,1,0,2,2,492,30000,0,0,0,0,3,0,0,0,0,0,0,0,0,10,,0,1
698,赤日神饰1,30,2,1,0,2,2,492,25000,0,0,0,0,3,0,0,0,0,0,0,0,0,10,,0,1
699,苍月神饰1,30,2,1,0,2,2,492,25000,0,0,0,0,2,0,0,0,0,0,0,0,0,10,,0,1
700,寒星神饰1,30,2,1,0,2,2,492,25000,0,0,0,0,2,0,0,0,0,0,0,0,0,10,,0,1
701,混元神饰2,30,3,1,0,2,2,492,30000,0,0,0,0,0,0,3,0,0,0,0,0,0,10,,0,1
702,玄天神饰2,30,3,1,0,2,2,492,30000,0,0,0,0,0,0,3,0,0,0,0,0,0,10,,0,1
703,赤日神饰2,30,3,1,0,2,2,492,25000,0,0,0,0,0,0,3,0,0,0,0,0,0,10,,0,1
704,苍月神饰2,30,3,1,0,2,2,492,25000,0,0,0,0,0,0,2,0,0,0,0,0,0,10,,0,1
705,寒星神饰2,30,3,1,0,2,2,492,25000,0,0,0,0,0,0,2,0,0,0,0,0,0,10,,0,1
706,神武头盔,15,155,20,0,2,0,601,7000,4,5,2,3,0,1,0,0,0,0,0,41,45000,10,,0,0
707,天玄头盔,15,155,3,0,2,0,602,7000,4,4,1,2,0,0,0,0,0,1,0,41,45000,10,,0,0
708,幻魔头盔,15,155,2,0,2,0,603,7000,4,4,1,2,0,0,0,1,0,0,0,41,45000,10,,0,0
709,神武项链,19,155,2,0,2,0,604,7000,0,0,0,2,3,6,0,0,0,0,0,42,45000,10,,0,0
710,天玄项链,19,155,1,0,2,0,605,7000,0,0,0,2,0,0,0,0,2,7,0,42,45000,10,,0,0
711,幻魔项链,19,155,1,10,2,0,606,7000,0,0,0,2,0,0,1,8,0,0,0,42,45000,10,,0,0
712,神武手镯,24,155,2,0,2,0,607,7000,0,2,0,0,2,3,0,0,0,0,0,43,45000,10,,0,0
713,天玄手镯,26,155,1,0,2,0,608,7000,1,2,0,0,0,0,0,0,1,4,0,43,45000,10,,0,0
714,幻魔手镯,26,155,1,10,2,0,609,7000,0,1,0,0,0,0,0,4,0,0,0,43,45000,10,,0,0
715,神武戒指,22,155,2,0,2,0,610,7000,0,0,0,1,0,7,0,0,0,0,0,44,45000,10,,0,0
716,天玄戒指,22,155,1,0,2,0,611,7000,0,0,0,1,0,0,0,0,2,7,0,44,45000,10,,0,0
717,幻魔戒指,22,155,1,20,2,0,612,7000,0,0,0,1,0,0,1,6,0,0,0,44,45000,10,,0,0
718,雷电术(绿),49,15,1,11,2,3,502,30,0,0,0,0,0,0,0,0,0,0,0,0,0,0,,5570304,0
719,雷电术(紫),49,15,1,11,2,3,502,30,0,0,0,0,0,0,0,0,0,0,0,0,0,0,,16711932,0
720,雷电术(蓝),49,15,1,11,2,3,502,30,0,0,0,0,0,0,0,0,0,0,0,0,0,0,,65532,0
721,诱惑之光(绿),49,15,1,20,2,3,502,30,0,0,0,0,0,0,0,0,0,0,0,0,0,0,,4183872,0
722,诱惑之光(红),49,15,1,20,2,3,502,30,0,0,0,0,0,0,0,0,0,0,0,0,0,0,,16713216,0
723,诱惑之光(蓝),49,15,1,20,2,3,502,30,0,0,0,0,0,0,0,0,0,0,0,0,0,0,,23295,0
724,冰箭术(绿),49,15,1,49,2,3,502,30,0,0,0,0,0,0,0,0,0,0,0,0,0,0,,5570304,0
725,冰箭术(紫),49,15,1,49,2,3,502,30,0,0,0,0,0,0,0,0,0,0,0,0,0,0,,16711932,0
726,冰箭术(蓝),49,15,1,49,2,3,502,30,0,0,0,0,0,0,0,0,0,0,0,0,0,0,,65532,0
727,抱月刀(绿),49,15,1,43,2,3,502,30,0,0,0,0,0,0,0,0,0,0,0,0,0,0,,5570304,0
728,抱月刀(蓝),49,15,1,43,2,3,502,30,0,0,0,0,0,0,0,0,0,0,0,0,0,0,,6399,0
729,抱月刀(黄),49,15,1,43,2,3,502,30,0,0,0,0,0,0,0,0,0,0,0,0,0,0,,16580352,0
730,刺杀剑术(绿),49,15,1,12,2,3,502,30,0,0,0,0,0,0,0,0,0,0,0,0,0,0,,5570304,0
731,刺杀剑术(蓝),49,15,1,12,2,3,502,30,0,0,0,0,0,0,0,0,0,0,0,0,0,0,,6399,0
732,刺杀剑术(黄),49,15,1,12,2,3,502,30,0,0,0,0,0,0,0,0,0,0,0,0,0,0,,16580352,0
733,半月弯刀(绿),49,15,1,25,2,3,502,30,0,0,0,0,0,0,0,0,0,0,0,0,0,0,,5570304,0
734,半月弯刀(蓝),49,15,1,25,2,3,502,30,0,0,0,0,0,0,0,0,0,0,0,0,0,0,,6399,0
735,半月弯刀(黄),49,15,1,25,2,3,502,30,0,0,0,0,0,0,0,0,0,0,0,0,0,0,,16580352,0
736,治疗术(绿),49,15,1,2,2,3,502,30,0,0,0,0,0,0,0,0,0,0,0,0,0,0,,5570304,0
737,治疗术(紫),49,15,1,2,2,3,502,30,0,0,0,0,0,0,0,0,0,0,0,0,0,0,,16711932,0
738,治疗术(黄),49,15,1,2,2,3,502,30,0,0,0,0,0,0,0,0,0,0,0,0,0,0,,16580352,0
739,困魔咒(蓝),49,15,1,16,2,3,502,30,0,0,0,0,0,0,0,0,0,0,0,0,0,0,,65532,0
740,困魔咒(绿),49,15,1,16,2,3,502,30,0,0,0,0,0,0,0,0,0,0,0,0,0,0,,2473729,0
741,困魔咒(黄),49,15,1,16,2,3,502,30,0,0,0,0,0,0,0,0,0,0,0,0,0,0,,14599937,0
742,灵魂墙(蓝),49,15,1,48,2,3,502,30,0,0,0,0,0,0,0,0,0,0,0,0,0,0,,65532,0
743,灵魂墙(绿),49,15,1,48,2,3,502,30,0,0,0,0,0,0,0,0,0,0,0,0,0,0,,2473729,0
744,灵魂墙(黄),49,15,1,48,2,3,502,30,0,0,0,0,0,0,0,0,0,0,0,0,0,0,,14599937,0
745,宝物奇幻英雄,55,0,1,0,0,0,197,10,0,0,0,0,0,0,0,0,0,0,0,0,0,10,,0,1
746,宝物诺基亚,55,0,1,0,0,0,197,10,0,0,0,0,0,0,0,0,0,0,0,0,0,10,,0,1
747,宝物qd,55,0,1,0,0,0,197,10,0,0,0,0,0,0,0,0,0,0,0,0,0,10,,0,1
748,雷电术(绿)1,49,15,1,11,0,3,502,1,0,0,0,0,0,0,0,0,0,0,0,0,0,0,,5570304,0
749,雷电术(紫)1,49,15,1,11,0,3,502,1,0,0,0,0,0,0,0,0,0,0,0,0,0,0,,16711932,0
750,雷电术(蓝)1,49,15,1,11,0,3,502,1,0,0,0,0,0,0,0,0,0,0,0,0,0,0,,65532,0
751,诱惑之光(绿)1,49,15,1,20,0,3,502,1,0,0,0,0,0,0,0,0,0,0,0,0,0,0,,4183872,0
752,诱惑之光(红)1,49,15,1,20,0,3,502,1,0,0,0,0,0,0,0,0,0,0,0,0,0,0,,16713216,0
753,诱惑之光(蓝)1,49,15,1,20,0,3,502,1,0,0,0,0,0,0,0,0,0,0,0,0,0,0,,23295,0
754,冰箭术(绿)1,49,15,1,49,0,3,502,1,0,0,0,0,0,0,0,0,0,0,0,0,0,0,,5570304,0
755,冰箭术(紫)1,49,15,1,49,0,3,502,1,0,0,0,0,0,0,0,0,0,0,0,0,0,0,,16711932,0
756,冰箭术(蓝)1,49,15,1,49,0,3,502,1,0,0,0,0,0,0,0,0,0,0,0,0,0,0,,65532,0
757,抱月刀(绿)1,49,15,1,43,0,3,502,1,0,0,0,0,0,0,0,0,0,0,0,0,0,0,,5570304,0
758,抱月刀(蓝)1,49,15,1,43,0,3,502,1,0,0,0,0,0,0,0,0,0,0,0,0,0,0,,6399,0
759,抱月刀(黄)1,49,15,1,43,0,3,502,1,0,0,0,0,0,0,0,0,0,0,0,0,0,0,,16580352,0
760,刺杀剑术(绿)1,49,15,1,12,0,3,502,1,0,0,0,0,0,0,0,0,0,0,0,0,0,0,,5570304,0
761,刺杀剑术(蓝)1,49,15,1,12,0,3,502,1,0,0,0,0,0,0,0,0,0,0,0,0,0,0,,6399,0
762,刺杀剑术(黄)1,49,15,1,12,0,3,502,1,0,0,0,0,0,0,0,0,0,0,0,0,0,0,,16580352,0
763,半月弯刀(绿)1,49,15,1,25,0,3,502,1,0,0,0,0,0,0,0,0,0,0,0,0,0,0,,5570304,0
764,半月弯刀(蓝)1,49,15,1,25,0,3,502,1,0,0,0,0,0,0,0,0,0,0,0,0,0,0,,6399,0
765,半月弯刀(黄)1,49,15,1,25,0,3,502,1,0,0,0,0,0,0,0,0,0,0,0,0,0,0,,16580352,0
766,治疗术(绿)1,49,15,1,2,0,3,502,1,0,0,0,0,0,0,0,0,0,0,0,0,0,0,,5570304,0
767,治疗术(紫)1,49,15,1,2,0,3,502,1,0,0,0,0,0,0,0,0,0,0,0,0,0,0,,16711932,0
768,治疗术(黄)1,49,15,1,2,0,3,502,1,0,0,0,0,0,0,0,0,0,0,0,0,0,0,,16580352,0
769,困魔咒(蓝)1,49,15,1,16,0,3,502,1,0,0,0,0,0,0,0,0,0,0,0,0,0,0,,65532,0
770,困魔咒(绿)1,49,15,1,16,0,3,502,1,0,0,0,0,0,0,0,0,0,0,0,0,0,0,,2473729,0
771,困魔咒(黄)1,49,15,1,16,0,3,502,1,0,0,0,0,0,0,0,0,0,0,0,0,0,0,,14599937,0
772,灵魂墙(蓝)1,49,15,1,48,0,3,502,1,0,0,0,0,0,0,0,0,0,0,0,0,0,0,,65532,0
773,灵魂墙(绿)1,49,15,1,48,0,3,502,1,0,0,0,0,0,0,0,0,0,0,0,0,0,0,,2473729,0
774,灵魂墙(黄)1,49,15,1,48,0,3,502,1,0,0,0,0,0,0,0,0,0,0,0,0,0,0,,14599937,0
775,幻彩头盔,15,155,20,0,2,1,613,7000,4,5,2,3,0,1,0,0,0,0,0,41,0,10,,0,0
776,幻彩项链,19,155,1,1,2,1,614,7000,0,0,0,0,1,0,0,1,0,1,0,11,0,10,,0,0
777,幻彩手镯,26,155,1,1,2,1,615,7000,0,1,0,1,0,0,0,0,0,0,0,5,0,10,,0,0
778,幻彩戒指,22,155,1,1,2,1,616,7000,0,0,0,1,0,1,0,0,0,0,0,5,0,10,,0,0
779,幻影头盔,15,155,5,0,2,0,617,7000,1,2,1,2,0,0,0,0,0,0,0,16,20000,10,,0,0
780,幻影项链,19,155,2,0,2,0,618,7000,0,0,0,0,0,2,0,2,1,1,0,18,20000,10,,0,0
781,幻影手镯,26,155,2,0,2,0,619,7000,1,1,0,1,0,1,0,1,0,2,0,19,10000,10,,0,0
782,幻影戒指,22,155,2,0,2,0,620,7000,0,0,0,1,0,2,0,2,1,2,0,19,10000,10,,0,0
783,龙象头盔,15,155,20,0,2,0,621,7000,4,5,2,3,0,1,0,0,0,0,0,41,45000,10,,0,0
784,龙象项链,19,155,2,0,2,0,622,7000,0,0,0,0,1,2,0,2,0,0,0,17,15000,10,,0,0
785,龙象手镯,26,155,1,0,2,0,623,7000,0,1,0,0,0,0,1,1,0,0,0,19,10000,10,,0,0
786,龙象戒指,22,155,2,0,2,0,624,7000,0,0,0,0,0,2,0,2,0,1,0,18,10000,10,,0,0
787,狂怒头盔,15,155,5,0,2,0,625,7000,1,3,0,2,0,0,0,0,0,0,0,28,8000,10,,0,0
788,狂怒项链,19,155,2,0,2,0,626,7000,0,0,0,0,1,3,1,3,1,3,0,27,8000,10,,0,0
789,狂怒手镯,26,155,2,0,2,0,627,7000,0,0,1,2,0,2,1,2,0,2,0,29,13000,10,,0,0
790,狂怒戒指,22,155,1,0,2,0,628,7000,0,0,0,0,0,4,0,3,1,3,0,30,20000,10,,0,0
791,神御头盔,15,155,5,0,2,0,629,7000,1,3,0,2,0,0,0,0,0,0,0,28,8000,10,,0,0
792,神御项链,19,155,2,0,2,0,630,7000,0,0,0,0,2,2,1,3,2,2,0,27,8000,10,,0,0
793,神御手镯,26,155,2,0,2,0,631,7000,0,0,1,2,0,1,1,1,1,2,0,29,10000,10,,0,0
794,神御戒指,22,155,1,0,2,0,632,7000,0,0,0,0,1,3,1,2,1,2,0,30,13000,10,,0,0
795,不动明王头盔,15,155,20,0,2,0,633,7000,3,4,1,2,0,0,0,0,0,0,0,35,45000,10,,0,0
796,不动明王项链,19,155,2,0,2,0,634,7000,0,2,0,0,0,1,0,1,0,1,0,35,45000,10,,0,0
797,不动明王手镯,26,155,2,0,2,0,635,7000,1,2,2,4,0,0,0,0,0,0,0,35,45000,10,,0,0
798,不动明王戒指,22,155,2,0,2,0,636,7000,0,1,1,2,0,0,0,0,0,0,0,35,45000,10,,0,0
799,天战头盔,15,0,20,0,2,0,637,7000,4,5,2,3,0,1,0,0,0,0,0,41,45000,10,,0,0
800,天战项链,19,0,2,0,2,0,638,7000,0,0,0,2,3,6,0,0,0,0,0,42,45000,10,,0,0
801,天战手镯,24,0,2,0,2,0,639,7000,0,2,0,0,2,3,0,0,0,0,0,43,45000,10,,0,0
802,天战戒指,22,0,2,0,2,0,640,7000,0,0,0,1,0,7,0,0,0,0,0,44,45000,10,,0,0
803,天道头盔,15,0,20,0,2,0,641,7000,4,5,2,3,0,1,0,0,0,0,0,41,45000,10,,0,0
804,天道项链,19,0,2,0,2,0,642,7000,0,0,0,2,3,6,0,0,0,0,0,42,45000,10,,0,0
805,天道手镯,24,0,2,0,2,0,643,7000,0,2,0,0,2,3,0,0,0,0,0,43,45000,10,,0,0
806,天道戒指,22,0,2,0,2,0,644,7000,0,0,0,1,0,7,0,0,0,0,0,44,45000,10,,0,0
807,天魔头盔,15,0,20,0,2,0,645,7000,4,5,2,3,0,1,0,0,0,0,0,41,45000,10,,0,0
808,天魔项链,19,0,2,0,2,0,646,7000,0,0,0,2,3,6,0,0,0,0,0,42,45000,10,,0,0
809,天魔手镯,24,0,2,0,2,0,647,7000,0,2,0,0,2,3,0,0,0,0,0,43,45000,10,,0,0
810,天魔戒指,22,0,2,0,2,0,648,7000,0,0,0,1,0,7,0,0,0,0,0,44,45000,10,,0,0
811,天地头盔,15,131,20,0,2,0,649,7000,0,0,0,0,0,0,0,0,0,0,0,41,45000,10,,0,0
812,天地项链,19,131,2,0,2,0,650,7000,0,0,0,0,0,0,0,0,0,0,0,42,45000,10,,0,0
813,天地手镯,24,131,2,0,2,0,651,7000,0,0,0,0,0,0,0,0,0,0,0,43,45000,10,,0,0
814,天地戒指,22,131,2,0,2,0,652,7000,0,0,0,0,0,0,0,0,0,0,0,44,45000,10,,0,0
815,新,45,0,1,0,1,3,506,1000,0,0,0,0,0,0,0,0,0,0,0,0,0,10,0,0,0
816,年,45,0,1,0,1,3,506,1000,0,0,0,0,0,0,0,0,0,0,0,0,0,10,0,0,0
817,快,45,0,1,0,1,3,506,1000,0,0,0,0,0,0,0,0,0,0,0,0,0,10,0,0,0
818,乐,45,0,1,0,1,3,506,1000,0,0,0,0,0,0,0,0,0,0,0,0,0,10,0,0,0
819,大红包,46,1,1,0,0,3,507,0,0,0,0,0,0,0,0,0,0,0,0,0,0,10,,0,1
820,幻彩项链1,19,0,1,0,2,1,614,7000,0,0,0,0,1,0,0,1,0,1,0,11,0,10,,0,0
821,幻彩手镯1,26,0,1,0,2,1,615,7000,0,1,0,1,0,0,0,0,0,0,0,5,0,10,,0,0
822,幻彩戒指1,22,0,1,0,2,1,616,7000,0,0,0,1,0,1,0,0,0,0,0,5,0,10,,0,0
823,初一新春宝盒,46,1,1,0,0,3,303,0,0,0,0,0,0,0,0,0,0,0,0,0,0,10,,0,0
824,初二新春宝盒,46,1,1,0,0,3,303,0,0,0,0,0,0,0,0,0,0,0,0,0,0,10,,0,0
825,初三新春宝盒,46,1,1,0,0,3,303,0,0,0,0,0,0,0,0,0,0,0,0,0,0,10,,0,0
826,初四新春宝盒,46,1,1,0,0,3,303,0,0,0,0,0,0,0,0,0,0,0,0,0,0,10,,0,0
827,初五新春宝盒,46,1,1,0,0,3,303,0,0,0,0,0,0,0,0,0,0,0,0,0,0,10,,0,0
828,初六新春宝盒,46,1,1,0,0,3,303,0,0,0,0,0,0,0,0,0,0,0,0,0,0,10,,0,0
829,初七新春宝盒,46,1,1,0,0,3,303,0,0,0,0,0,0,0,0,0,0,0,0,0,0,10,,0,0
830,天玉宝石4,55,0,1,0,0,0,306,10,0,0,0,0,0,0,0,0,0,0,0,0,0,10,,0,1
831,天玉宝石5,55,0,1,0,0,0,306,10,0,0,0,0,0,0,0,0,0,0,0,0,0,10,,0,1
832,门庭若市,49,16,1,1,0,3,502,30,0,0,0,0,0,0,0,0,0,0,0,0,0,10,,0,1
833,门庭若市1,49,16,1,1,0,3,502,7,0,0,0,0,0,0,0,0,0,0,0,0,0,10,,0,1
834,生意兴隆,49,16,1,2,0,3,502,30,0,0,0,0,0,0,0,0,0,0,0,0,0,10,,0,1
835,生意兴隆1,49,16,1,2,0,3,502,7,0,0,0,0,0,0,0,0,0,0,0,0,0,10,,0,1
836,摊位旗帜(绿),49,17,1,0,0,3,502,30,0,0,0,0,0,0,0,0,0,0,0,0,0,10,,-10750535,1
837,摊位旗帜(绿)1,49,17,1,0,0,3,502,7,0,0,0,0,0,0,0,0,0,0,0,0,0,10,,-10750535,1
838,摊位旗帜(红),49,17,1,0,0,3,502,30,0,0,0,0,0,0,0,0,0,0,0,0,0,10,,-50134,1
839,摊位旗帜(红)1,49,17,1,0,0,3,502,7,0,0,0,0,0,0,0,0,0,0,0,0,0,10,,-50134,1
840,摊位旗帜(黄),49,17,1,0,0,3,502,30,0,0,0,0,0,0,0,0,0,0,0,0,0,10,,0,1
841,摊位旗帜(黄)1,49,17,1,0,0,3,502,7,0,0,0,0,0,0,0,0,0,0,0,0,0,10,,0,1
842,宝盒5,55,0,1,0,0,3,303,10,0,0,0,0,0,0,0,0,0,0,0,0,0,10,0,0,1
843,一星珠,45,0,1,0,0,3,516,10,0,0,0,0,0,0,0,0,0,0,0,0,0,10,0,0,0
844,二星珠,45,0,1,0,0,3,517,10,0,0,0,0,0,0,0,0,0,0,0,0,0,10,0,0,0
845,三星珠,45,0,1,0,0,3,518,10,0,0,0,0,0,0,0,0,0,0,0,0,0,10,0,0,0
846,四星珠,45,0,1,0,0,3,519,10,0,0,0,0,0,0,0,0,0,0,0,0,0,10,0,0,0
847,五星珠,45,0,1,0,0,3,520,10,0,0,0,0,0,0,0,0,0,0,0,0,0,10,0,0,0
848,六星珠,45,0,1,0,0,3,521,10,0,0,0,0,0,0,0,0,0,0,0,0,0,10,0,0,0
849,七星珠,45,0,1,0,0,3,522,10,0,0,0,0,0,0,0,0,0,0,0,0,0,10,0,0,0
850,沙城宝盒,36,6,1,0,2,3,303,0,0,0,0,0,0,0,0,0,0,0,0,0,0,10,0,0,1
851,至尊屠龙,5,26,30,0,2,119,26,33000,0,0,0,0,5,35,0,0,0,0,0,34,60000,10,26,0,0
852,魔蛋1,45,0,1,0,0,0,653,10,0,0,0,0,0,0,0,0,0,0,0,0,0,10,0,0,0
853,魔蛋2,45,0,1,0,0,0,654,10,0,0,0,0,0,0,0,0,0,0,0,0,0,10,0,0,0
854,魔蛋3,45,0,1,0,0,0,655,10,0,0,0,0,0,0,0,0,0,0,0,0,0,10,0,0,0
855,魔蛋壳1,45,0,1,0,0,0,656,10,0,0,0,0,0,0,0,0,0,0,0,0,0,10,0,0,0
856,魔蛋壳2,45,0,1,0,0,0,657,10,0,0,0,0,0,0,0,0,0,0,0,0,0,10,0,0,0
857,魔蛋壳3,45,0,1,0,0,0,658,10,0,0,0,0,0,0,0,0,0,0,0,0,0,10,0,0,0
858,红宝石,3,200,1,0,0,0,659,10,0,0,0,0,0,0,0,0,0,0,0,0,0,10,0,0,0
859,绿宝石,3,200,1,0,0,0,660,10,0,0,0,0,0,0,0,0,0,0,0,0,0,10,0,0,0
860,蓝宝石,3,200,1,0,0,0,661,10,0,0,0,0,0,0,0,0,0,0,0,0,0,10,0,0,0
861,靴子(未鉴定),82,131,1,0,0,256,662,8000,0,0,0,0,0,0,0,0,0,0,0,0,10000,10,0,0,0
862,腰带(未鉴定),83,131,1,0,0,256,663,8000,0,0,0,0,0,0,0,0,0,0,0,0,10000,10,0,0,0
863,鹿皮靴子,81,0,1,861,0,256,664,6000,0,1,0,0,0,0,0,0,0,0,0,24,3000,10,0,0,0
864,天鹰靴子,81,0,2,861,0,256,665,8000,0,2,0,0,0,0,0,0,0,0,0,28,5000,10,0,0,0
865,雷霆战靴,81,0,2,861,2,256,666,9000,1,1,0,1,0,2,0,0,0,0,0,38,8600,10,0,0,0
866,圣战靴子,81,0,2,861,2,256,667,10000,0,2,0,1,1,2,0,0,0,0,1,40,10000,10,0,0,0
867,神武战靴,81,0,3,861,2,256,668,10000,0,0,0,2,0,3,0,0,0,0,0,43,15000,10,0,0,0
868,寒星靴子,81,0,1,861,0,256,669,7000,0,1,0,1,0,0,0,0,0,0,0,28,5000,10,0,0,0
869,魔龙法靴,81,0,1,861,2,256,670,8000,0,2,1,2,0,0,0,1,0,0,0,38,8600,10,0,0,0
870,法神靴子,81,0,1,861,2,256,671,8000,1,2,0,0,0,0,0,2,0,0,2,28,10000,10,0,0,0
871,幻魔法靴,81,0,1,861,2,256,672,9000,1,2,0,0,0,0,1,2,0,0,0,43,15000,10,0,0,0
872,光芒靴子,81,0,1,861,0,256,673,6000,0,1,0,0,0,0,0,0,0,1,0,31,5000,10,0,0,0
873,风云道靴,81,0,1,861,2,256,674,8000,1,1,0,1,0,0,0,0,0,1,0,38,8600,10,0,0,0
874,天尊道靴,81,0,2,861,2,256,675,9000,1,1,0,0,0,0,0,0,1,1,3,25,10000,10,0,0,0
875,天玄道靴,81,0,2,861,2,256,676,10000,1,1,0,0,0,0,0,0,0,2,0,43,15000,10,0,0,0
876,鹿皮腰带,58,0,1,862,0,256,677,5000,0,0,0,1,0,0,0,0,0,0,0,24,2500,10,0,0,0
877,天鹰腰带,58,0,1,862,0,256,678,8000,0,2,1,1,0,0,0,0,0,0,0,28,3600,10,0,0,0
878,雷霆腰带,58,0,1,862,2,256,679,9000,0,1,0,2,1,0,0,0,0,0,0,38,8000,10,0,0,0
879,圣战腰带,58,0,1,862,2,256,680,9000,0,0,0,1,0,1,0,0,0,0,1,40,10000,10,0,0,0
880,神武腰带,58,0,1,862,2,256,681,10000,0,0,0,1,1,1,0,0,0,0,0,43,15000,10,0,0,0
881,寒星腰带,58,0,1,862,0,256,682,8000,0,0,1,1,0,0,0,0,0,0,0,28,3600,10,0,0,0
882,魔龙腰带,58,0,1,862,2,256,683,8000,1,1,1,2,0,0,0,0,0,0,0,38,8000,10,0,0,0
883,法神腰带,58,0,1,862,2,256,684,8000,1,1,0,0,0,0,0,1,0,0,2,28,10000,10,0,0,0
884,幻魔腰带,58,0,1,862,2,256,685,10000,1,2,0,0,0,0,1,1,0,0,0,43,15000,10,0,0,0
885,光芒腰带,58,0,1,862,0,256,686,8000,0,2,0,2,0,0,0,0,0,0,0,31,3600,10,0,0,0
886,风云腰带,58,0,1,862,2,256,687,9000,1,2,1,1,0,0,0,0,0,0,0,38,8000,10,0,0,0
887,天尊腰带,58,0,1,862,2,256,688,9000,0,2,0,0,0,0,0,0,0,1,3,25,10000,10,0,0,0
888,天玄腰带,58,0,1,862,2,256,689,10000,1,2,0,0,0,0,0,0,1,1,0,43,15000,10,0,0,0
889,密宝礼盒,36,6,1,0,2,20,303,0,0,0,0,0,0,0,0,0,0,0,0,0,0,10,0,0,1
890,鉴定卷轴,62,0,1,0,0,0,690,1,0,0,0,0,0,0,0,0,0,0,0,0,20000,10,0,0,1
891,火晶石(小),59,0,1,0,2,0,691,1,0,0,0,0,0,1,0,0,0,0,0,0,30000,10,0,60228476,0
892,火晶石(中),59,0,2,0,2,0,692,1,0,0,0,0,1,1,0,0,0,0,0,0,30000,10,0,60294013,0
893,火晶石(大),59,0,3,0,2,0,693,1,0,0,0,0,1,2,0,0,0,0,0,0,30000,10,0,60359550,0
894,火晶宝石,59,0,4,0,2,0,694,1,0,0,0,0,1,3,0,0,0,0,0,0,30000,10,0,60424192,0
895,冰月石(小),59,1,1,0,2,0,695,1,0,0,0,0,0,0,0,1,0,0,0,0,30000,10,0,60228480,0
896,冰月石(中),59,1,2,0,2,0,696,1,0,0,0,0,0,0,1,1,0,0,0,0,30000,10,0,60294017,0
897,冰月石(大),59,1,3,0,2,0,697,1,0,0,0,0,0,0,0,2,0,0,0,0,30000,10,0,60359554,0
898,冰月宝石,59,1,4,0,2,0,698,1,0,0,0,0,0,0,0,3,0,0,0,0,30000,10,0,60424192,0
899,水云石(小),59,2,1,0,2,0,699,1,0,0,0,0,0,0,0,0,0,1,0,0,30000,10,0,60228484,0
900,水云石(中),59,2,2,0,2,0,700,1,0,0,0,0,0,0,0,0,1,1,0,0,30000,10,0,60294021,0
901,水云石(大),59,2,3,0,2,0,701,1,0,0,0,0,0,0,0,0,0,2,0,0,30000,10,0,60359558,0
902,水云宝石,59,2,4,0,2,0,702,1,0,0,0,0,0,0,0,0,1,2,0,0,30000,10,0,60424192,0
903,金刚石(小),59,3,1,0,2,0,703,1,0,1,0,0,0,0,0,0,0,0,0,0,30000,10,0,60228488,0
904,金刚石(中),59,3,2,0,2,0,704,1,0,2,0,0,0,0,0,0,0,0,0,0,30000,10,0,60294025,0
905,金刚石(大),59,3,3,0,2,0,705,1,1,2,0,0,0,0,0,0,0,0,0,0,30000,10,0,60359562,0
906,金刚宝石,59,3,4,0,2,0,706,1,1,3,0,0,0,0,0,0,0,0,0,0,30000,10,0,60424192,0
907,圣魔石(小),59,4,1,0,2,0,707,1,0,0,0,1,0,0,0,0,0,0,0,0,30000,10,0,60228492,0
908,圣魔石(中),59,4,2,0,2,0,708,1,0,0,0,2,0,0,0,0,0,0,0,0,30000,10,0,60294029,0
909,圣魔石(大),59,4,3,0,2,0,709,1,0,0,1,2,0,0,0,0,0,0,0,0,30000,10,0,60359566,0
910,圣魔宝石,59,4,4,0,2,0,710,1,0,0,1,3,0,0,0,0,0,0,0,0,30000,10,0,60424192,0
911,青木石(小),59,5,1,5,2,0,711,1,0,0,0,0,0,0,0,0,0,0,0,0,30000,10,0,60228496,0
912,青木石(中),59,5,2,10,2,0,712,1,0,0,0,0,0,0,0,0,0,0,0,0,30000,10,0,60294033,0
913,青木石(大),59,5,3,20,2,0,713,1,0,0,0,0,0,0,0,0,0,0,0,0,30000,10,0,60359570,0
914,青木宝石,59,5,4,35,2,0,714,1,0,0,0,0,0,0,0,0,0,0,0,0,30000,10,0,60424192,0
915,紫心石(小),59,6,1,10,2,0,715,1,0,0,0,0,0,0,0,0,0,0,0,0,30000,10,0,60228500,0
916,紫心石(中),59,6,2,20,2,0,716,1,0,0,0,0,0,0,0,0,0,0,0,0,30000,10,0,60294037,0
917,紫心石(大),59,6,3,50,2,0,717,1,0,0,0,0,0,0,0,0,0,0,0,0,30000,10,0,60359574,0
918,紫心宝石,59,6,4,100,2,0,718,1,0,0,0,0,0,0,0,0,0,0,0,0,30000,10,0,60424192,0
919,天地石(小),61,0,1,0,2,0,719,1,0,0,0,0,0,0,0,0,0,0,0,0,30000,10,0,0,0
920,天地石(中),61,0,2,0,2,0,720,1,0,0,0,0,0,0,0,0,0,0,0,0,30000,10,0,0,0
921,天地石(大),61,0,3,0,2,0,721,1,0,0,0,0,0,0,0,0,0,0,0,0,30000,10,0,0,0
922,天地宝石,61,0,4,0,2,0,722,1,0,0,0,0,0,0,0,0,0,0,0,0,30000,10,0,0,0
923,玄铁靴子,81,0,1,861,2,256,723,8000,0,2,0,0,0,1,0,0,0,0,0,31,5000,10,0,0,0
924,灵力靴子,81,0,1,861,2,256,724,6000,1,2,0,0,0,0,0,1,0,0,0,31,5000,10,0,0,0
925,玄珠靴子,81,0,1,861,2,256,725,8000,0,1,0,2,0,0,0,0,0,0,0,28,3600,10,0,0,0
926,玄铁腰带,58,0,1,862,2,256,726,8000,0,1,1,2,0,0,0,0,0,0,0,31,5000,10,0,0,0
927,灵力腰带,58,0,1,862,2,256,727,8000,0,1,0,2,0,0,0,0,0,0,0,31,5000,10,0,0,0
928,玄珠腰带,58,0,1,862,2,256,728,8000,0,2,0,1,0,0,0,0,0,0,0,28,3600,10,0,0,0
929,回城石,3,15,1,10,2,55,729,1,0,0,0,0,0,0,0,0,0,0,0,0,0,10,0,0,1
930,千里传音卷轴,37,0,1,0,2,3,735,10,0,0,0,0,0,0,0,0,0,0,0,0,0,10,0,0,1
931,传世宝卡,38,0,1,3,1,3,730,15,0,0,0,0,0,0,0,0,0,0,0,0,0,10,0,0,1
932,特级金创药,0,0,3,0,0,0,733,1,140,0,0,0,0,0,0,0,0,0,0,1,850,10,,0,0
933,特级魔法药,0,0,3,0,0,0,734,1,0,0,240,0,0,0,0,0,0,0,0,1,850,10,,0,0
934,特级金创药包,31,0,20,932,0,0,731,6,0,0,0,0,0,0,0,0,0,0,0,1,5200,10,,394529,0
935,特级魔法药包,31,0,20,933,0,0,732,6,0,0,0,0,0,0,0,0,0,0,0,1,5200,10,,394528,0
936,任务令牌1,55,0,1,0,0,55,282,10,0,0,0,0,0,0,0,0,0,0,0,0,0,10,,0,1
937,任务令牌2,55,0,1,0,0,55,282,10,0,0,0,0,0,0,0,0,0,0,0,0,0,10,,0,1
938,任务令牌3,55,0,1,0,0,55,282,10,0,0,0,0,0,0,0,0,0,0,0,0,0,10,,0,1
939,任务令牌4,45,0,1,0,0,55,282,10,0,0,0,0,0,0,0,0,0,0,0,0,0,10,,0,0
940,乌木剑1,5,1,8,0,1,0,3,7000,0,0,0,0,4,9,0,1,0,0,0,1,10000,10,3,0,0
941,八角戒指1,22,0,1,0,1,0,43,6000,0,0,0,0,0,0,0,1,0,0,0,7,8000,1,,0,0
942,铁剑1,5,2,10,0,1,0,6,10000,0,0,0,0,5,10,0,0,0,0,0,10,8000,10,6,0,0
943,水晶戒指1,22,0,1,0,1,0,40,3000,0,0,0,0,0,0,0,0,0,1,0,7,8000,1,,0,0
944,八荒刀1,5,15,25,27,1,0,9,18000,0,0,0,0,5,12,0,0,0,0,0,15,20000,1,9,0,0
945,兽角戒指1,22,0,1,0,1,0,42,6000,0,0,0,1,0,1,0,0,0,0,0,9,9000,1,,0,0
946,见证石,45,0,1,0,0,3,736,10,0,0,0,0,0,0,0,0,0,0,0,0,0,10,,0,0
947,灵符,3,202,1,0,2,3,737,0,0,0,0,0,0,0,0,0,0,0,0,0,0,10,,0,0
948,熔炼神术,50,100,1,0,1,0,197,65535,0,0,0,0,0,0,0,0,0,0,0,0,0,10,0,0,1
949,赤明天帝,5,32,60,0,2,0,738,30000,0,0,0,0,22,28,0,0,0,0,0,42,100000,10,57,0,0
950,幻之令牌,50,100,1,0,0,0,282,10,0,0,0,0,0,0,0,0,0,0,0,0,0,10,,0,1
951,隐之令牌,50,100,1,0,0,0,282,10,0,0,0,0,0,0,0,0,0,0,0,0,0,10,,0,1
952,神之令牌,50,100,1,0,0,0,282,10,0,0,0,0,0,0,0,0,0,0,0,0,0,10,,0,1
953,紫水晶,45,1,5,0,0,0,739,0,0,0,0,0,0,0,0,0,0,0,0,0,500,10,,0,0
954,红色碎片,38,0,3,4,0,0,740,3,0,0,0,0,0,0,0,0,0,0,0,0,500,10,,0,1
955,幸运魔盒1,7,0,1,0,0,0,741,10,0,0,0,0,0,0,0,0,0,0,0,0,0,10,,0,0
956,幸运魔盒2,7,1,1,0,0,0,741,10,0,0,0,0,0,0,0,0,0,0,0,0,0,10,,0,0
957,幸运魔盒3,7,2,1,0,0,0,741,10,0,0,0,0,0,0,0,0,0,0,0,0,0,10,,0,0
958,幸运魔盒4,7,3,1,0,0,0,741,10,0,0,0,0,0,0,0,0,0,0,0,0,0,10,,0,0
959,天关令牌,46,1,1,0,0,3,282,0,0,0,0,0,0,0,0,0,0,0,0,0,0,10,,0,1
960,赏金令牌,46,1,1,0,0,3,487,0,0,0,0,0,0,0,0,0,0,0,0,0,0,10,,0,0
961,赏金令牌1,46,1,1,0,0,3,487,0,0,0,0,0,0,0,0,0,0,0,0,0,0,10,,0,0
962,赏金令牌2,46,1,1,0,0,3,487,0,0,0,0,0,0,0,0,0,0,0,0,0,0,10,,0,0
963,赏金令牌3,46,1,1,0,0,3,487,0,0,0,0,0,0,0,0,0,0,0,0,0,0,10,,0,0
964,赏金令牌4,46,1,1,0,0,3,487,0,0,0,0,0,0,0,0,0,0,0,0,0,0,10,,0,0
965,赏金令牌5,46,1,1,0,0,3,487,0,0,0,0,0,0,0,0,0,0,0,0,0,0,10,,0,0
966,赏金令牌6,46,1,1,0,0,3,487,0,0,0,0,0,0,0,0,0,0,0,0,0,0,10,,0,0
967,赏金令牌7,46,1,1,0,0,3,487,0,0,0,0,0,0,0,0,0,0,0,0,0,0,10,,0,0
968,赏金令牌8,46,1,1,0,0,3,487,0,0,0,0,0,0,0,0,0,0,0,0,0,0,10,,0,0
969,赏金令牌9,46,1,1,0,0,3,487,0,0,0,0,0,0,0,0,0,0,0,0,0,0,10,,0,0
970,赏金令牌10,46,1,1,0,0,3,487,0,0,0,0,0,0,0,0,0,0,0,0,0,0,10,,0,0
971,赏金令牌11,46,1,1,0,0,3,487,0,0,0,0,0,0,0,0,0,0,0,0,0,0,10,,0,0
972,赏金令牌12,46,1,1,0,0,3,487,0,0,0,0,0,0,0,0,0,0,0,0,0,0,10,,0,0
973,赏金令牌13,46,1,1,0,0,3,487,0,0,0,0,0,0,0,0,0,0,0,0,0,0,10,,0,0
974,赏金令牌14,46,1,1,0,0,3,487,0,0,0,0,0,0,0,0,0,0,0,0,0,0,10,,0,0
975,赏金令牌15,46,1,1,0,0,3,487,0,0,0,0,0,0,0,0,0,0,0,0,0,0,10,,0,0
976,神武战甲,10,13,62,0,2,0,742,40000,6,14,5,9,2,3,0,0,0,0,0,44,50000,10,0,0,0
977,神武战袍,11,13,62,0,2,0,743,40000,6,14,5,9,2,3,0,0,0,0,0,44,50000,10,,0,0
978,幻魔披风,10,14,21,0,2,0,744,28000,4,11,4,8,0,0,3,6,0,0,0,44,50000,10,,0,0
979,幻魔羽衣,11,14,21,0,2,0,745,28000,4,11,4,8,0,0,3,6,0,0,0,44,50000,10,,0,0
980,天玄道袍,10,15,37,0,2,0,746,32000,4,11,5,8,0,0,0,0,3,6,0,44,50000,10,,0,0
981,天玄道衣,11,15,37,0,2,0,747,32000,4,11,5,8,0,0,0,0,3,6,0,44,50000,10,,0,0
982,磨损的刀子,46,1,1,0,0,631,2,0,0,0,0,0,0,0,0,0,0,0,0,0,0,10,,0,1
983,新鲜猪肉,46,1,1,0,0,631,188,0,0,0,0,0,0,0,0,0,0,0,0,0,0,10,,0,1
984,解毒药,46,1,1,0,0,631,173,0,0,0,0,0,0,0,0,0,0,0,0,0,0,10,,0,1
985,书橱木材,46,1,1,0,0,631,245,0,0,0,0,0,0,0,0,0,0,0,0,0,0,10,,0,1
986,结婚戒指,46,1,1,0,0,631,68,0,0,0,0,0,0,0,0,0,0,0,0,0,0,10,,0,1
987,酒,46,1,1,0,0,631,178,0,0,0,0,0,0,0,0,0,0,0,0,0,0,10,,0,1
988,给姐姐的信,46,1,1,0,0,631,263,0,0,0,0,0,0,0,0,0,0,0,0,0,0,10,,0,1
989,餐饭,46,1,1,0,0,631,303,0,0,0,0,0,0,0,0,0,0,0,0,0,0,10,,0,1
990,传世史记,46,1,1,0,0,631,197,0,0,0,0,0,0,0,0,0,0,0,0,0,0,10,,0,1
991,污损的书,46,1,1,0,0,631,197,0,0,0,0,0,0,0,0,0,0,0,0,0,0,10,,0,1
992,复原的书,46,1,1,0,0,631,197,0,0,0,0,0,0,0,0,0,0,0,0,0,0,10,,0,1
993,残缺的书,46,1,1,0,0,631,197,0,0,0,0,0,0,0,0,0,0,0,0,0,0,10,,0,1
994,钥匙,36,5,1,0,0,631,765,0,0,0,0,0,0,0,0,0,0,0,0,0,0,10,,0,1
995,书页,46,1,1,0,0,631,197,0,0,0,0,0,0,0,0,0,0,0,0,0,0,10,,0,1
996,古卷,46,1,1,0,0,631,197,0,0,0,0,0,0,0,0,0,0,0,0,0,0,10,,0,1
997,蛇酒,46,1,1,0,0,631,178,0,0,0,0,0,0,0,0,0,0,0,0,0,0,10,,0,1
998,蛇魂戒指,46,1,1,0,0,631,116,0,0,0,0,0,0,0,0,0,0,0,0,0,0,10,,0,1
999,无名戒指,22,1,1,0,0,631,67,0,0,0,0,0,0,0,0,0,0,0,0,0,0,10,,0,0
1000,寒冰之触,46,1,1,0,0,631,697,0,0,0,0,0,0,0,0,0,0,0,0,0,0,10,,0,1
1001,黑晶魔石,46,1,1,0,0,631,748,0,0,0,0,0,0,0,0,0,0,0,0,0,0,10,,0,1
1002,黑晶魔石碎片,46,1,1,0,0,631,788,0,0,0,0,0,0,0,0,0,0,0,0,0,0,10,,0,1
1003,灵异物志,46,1,1,0,0,631,197,0,0,0,0,0,0,0,0,0,0,0,0,0,0,10,,0,1
1004,降妖桃木剑,5,1,1,0,0,631,1,0,0,0,0,0,0,0,0,0,0,0,0,0,0,10,,0,0
1005,勇者之印(一号),46,1,1,0,0,7,737,0,0,0,0,0,0,0,0,0,0,0,0,0,0,10,,0,1
1006,勇者之印(二号),46,1,1,0,0,7,737,0,0,0,0,0,0,0,0,0,0,0,0,0,0,10,,0,1
1007,军功勋章,46,1,1,0,0,55,214,0,0,0,0,0,0,0,0,0,0,0,0,0,0,10,,0,1
1008,沙鱼王之血,46,1,1,0,0,55,234,0,0,0,0,0,0,0,0,0,0,0,0,0,0,10,,0,1
1009,机械之护腕,46,1,1,0,0,55,93,0,0,0,0,0,0,0,0,0,0,0,0,0,0,10,,0,1
1010,史官的信,46,1,1,0,0,55,263,0,0,0,0,0,0,0,0,0,0,0,0,0,0,10,,0,1
1011,抗麻痹护腕,26,1,1,0,0,55,93,0,0,0,0,0,0,0,0,0,0,0,0,0,0,10,,0,1
1012,孟元的伐木斧,46,1,1,0,0,55,7,0,0,0,0,0,0,0,0,0,0,0,0,0,0,10,,0,1
1013,蛇妖之血,46,1,1,0,0,55,234,0,0,0,0,0,0,0,0,0,0,0,0,0,0,10,,0,1
1014,白蛇妖之血,46,1,1,0,0,55,234,0,0,0,0,0,0,0,0,0,0,0,0,0,0,10,,0,1
1015,三头蛇王之血,46,1,1,0,0,55,234,0,0,0,0,0,0,0,0,0,0,0,0,0,0,10,,0,1
1016,圣洁护身符,20,1,1,0,0,55,214,0,0,0,0,0,0,0,0,0,0,0,0,0,0,10,,0,1
1017,守护之心,46,1,1,0,0,55,739,0,0,0,0,0,0,0,0,0,0,0,0,0,0,10,,0,1
1018,狼血,46,1,1,0,0,55,234,0,0,0,0,0,0,0,0,0,0,0,0,0,0,10,,0,1
1019,特效神水,3,12,1,0,0,55,174,0,0,0,0,0,0,0,0,0,0,0,0,0,0,10,,0,0
1020,秘籍藏宝图,46,1,1,0,0,3,282,0,0,0,0,0,0,0,0,0,0,0,0,0,0,10,,0,1
1021,污染的火神之羽,46,1,1,0,0,55,787,0,0,0,0,0,0,0,0,0,0,0,0,0,0,10,,0,1
1022,火神之羽,46,1,1,0,0,55,787,0,0,0,0,0,0,0,0,0,0,0,0,0,0,10,,0,1
1023,木之精魄,46,1,1,0,0,55,783,0,0,0,0,0,0,0,0,0,0,0,0,0,0,10,,0,1
1024,海之灵珠,46,1,1,0,0,55,781,0,0,0,0,0,0,0,0,0,0,0,0,0,0,10,,0,1
1025,月牙玉,46,1,1,0,0,53,784,0,0,0,0,0,0,0,0,0,0,0,0,0,0,10,,0,1
1026,机关零件,46,1,1,0,0,55,782,0,0,0,0,0,0,0,0,0,0,0,0,0,0,10,,0,1
1027,守护令牌,38,1,1,4,0,0,282,1,0,0,0,0,0,0,0,0,0,0,0,0,0,10,,0,1
1028,古朴石盒,46,1,1,0,0,0,749,0,0,0,0,0,0,0,0,0,0,0,0,0,0,10,,0,1
1029,星辰之石,46,1,1,0,0,0,750,0,0,0,0,0,0,0,0,0,0,0,0,0,0,10,,0,1
1030,魔魂精华,46,1,1,0,0,55,751,0,0,0,0,0,0,0,0,0,0,0,0,0,0,10,,0,1
1031,五行魔石,46,1,1,0,0,55,752,0,0,0,0,0,0,0,0,0,0,0,0,0,0,10,,0,1
1032,法杖碎片,46,1,1,0,0,55,753,0,0,0,0,0,0,0,0,0,0,0,0,0,0,10,,0,1
1033,神武精魂,46,1,1,0,0,55,754,0,0,0,0,0,0,0,0,0,0,0,0,0,0,10,,0,1
1034,神武精魄,46,1,1,0,0,55,755,0,0,0,0,0,0,0,0,0,0,0,0,0,0,10,,0,1
1035,光明符咒,46,1,1,0,0,55,756,0,0,0,0,0,0,0,0,0,0,0,0,0,0,10,,0,1
1036,归星石,46,1,1,0,0,55,757,0,0,0,0,0,0,0,0,0,0,0,0,0,0,10,,0,1
1037,魂魄精华,46,1,1,0,0,55,758,0,0,0,0,0,0,0,0,0,0,0,0,0,0,10,,0,1
1038,大祭祀的信,46,1,1,0,0,55,759,0,0,0,0,0,0,0,0,0,0,0,0,0,0,10,,0,1
1039,中州神武徽章,46,1,1,0,0,55,760,0,0,0,0,0,0,0,0,0,0,0,0,0,0,10,,0,1
1040,皇家秘史,46,1,1,0,0,55,761,0,0,0,0,0,0,0,0,0,0,0,0,0,0,10,,0,1
1041,残缺的太史遗书,46,1,1,0,0,55,762,0,0,0,0,0,0,0,0,0,0,0,0,0,0,10,,0,1
1042,太史遗书书页,46,1,1,0,0,55,763,0,0,0,0,0,0,0,0,0,0,0,0,0,0,10,,0,1
1043,古老的手稿,46,1,1,0,0,55,764,0,0,0,0,0,0,0,0,0,0,0,0,0,0,10,,0,1
1044,火晶戒指,22,0,1,0,1,0,766,5000,0,0,0,0,0,1,0,0,0,0,0,3,500,1,,0,0
1045,金刚手镯,24,0,1,0,1,0,767,4000,0,1,0,0,0,0,0,0,0,0,0,3,800,1,,0,0
1046,蓝宝石戒指,22,0,1,0,1,0,768,5000,0,0,0,0,0,1,0,0,0,0,0,3,500,1,,0,0
1047,水云项链,20,0,1,0,1,0,769,8000,0,0,0,1,0,1,0,0,0,0,0,2,500,1,,0,0
1048,朱雀项链,20,0,1,0,1,0,770,8000,0,0,0,1,0,1,0,0,0,0,0,2,500,1,,0,0
1049,护身腰带,58,0,1,862,0,256,771,9000,1,2,1,1,0,0,0,0,0,0,0,38,8000,10,0,0,0
1050,祈祷靴子,81,0,1,861,0,8,772,8000,0,2,1,2,0,0,0,1,0,0,0,38,8600,10,0,0,0
1051,祈祷腰带,58,0,1,862,0,8,773,9000,1,2,1,1,0,0,0,0,0,0,0,38,8000,10,0,0,0
1052,幸运靴子,81,0,1,861,0,256,774,8000,0,0,0,0,0,0,0,0,0,0,0,38,8600,10,0,0,0
1053,归真符,36,7,1,0,0,0,775,8000,0,2,1,2,0,0,0,1,0,0,0,38,8600,10,0,0,1
1054,擒龙手,4,0,1,0,2,0,197,43,0,0,0,0,0,0,0,0,0,0,0,0,8000,1,,0,1
1055,移形换影,4,0,1,0,2,0,197,43,0,0,0,0,0,0,0,0,0,0,0,0,8000,1,,0,1
1056,心灵召唤,4,2,1,0,2,0,197,43,0,0,0,0,0,0,0,0,0,0,0,0,8000,1,,0,1
1057,遁地,4,2,1,0,2,0,197,43,0,0,0,0,0,0,0,0,0,0,0,0,8000,1,,0,1
1058,流星火雨,4,1,1,0,2,0,197,43,0,0,0,0,0,0,0,0,0,0,0,0,8000,1,,0,1
1059,魔魂术,4,1,1,0,2,0,197,43,0,0,0,0,0,0,0,0,0,0,0,0,8000,1,,0,1
1060,荣誉勋章51号,30,0,0,0,2,0,214,50000,1,4,0,0,0,0,0,0,0,0,0,28,1000,10,,0,1
1061,荣誉勋章52号,30,0,0,0,2,0,214,50000,0,0,1,4,0,0,0,0,0,0,0,28,1000,10,,0,1
1062,荣誉勋章53号,30,0,0,0,2,0,214,50000,0,0,0,0,1,4,0,0,0,0,0,28,1000,10,,0,1
1063,荣誉勋章54号,30,0,0,0,2,0,214,50000,0,0,0,0,0,0,1,4,0,0,0,28,1000,10,,0,1
1064,荣誉勋章55号,30,0,0,0,2,0,214,50000,0,0,0,0,0,0,0,0,1,4,0,28,1000,10,,0,1
1065,机关钥匙,46,1,1,0,0,55,765,0,0,0,0,0,0,0,0,0,0,0,0,0,0,10,,0,1
1066,太史遗书,46,1,1,0,0,55,197,0,0,0,0,0,0,0,0,0,0,0,0,0,0,10,,0,1
1067,星辰精华,46,1,1,0,0,55,776,0,0,0,0,0,0,0,0,0,0,0,0,0,0,10,,0,1
1068,收货凭信,46,1,1,0,0,55,759,0,0,0,0,0,0,0,0,0,0,0,0,0,0,10,,0,1
1069,家书,46,1,1,0,0,55,759,0,0,0,0,0,0,0,0,0,0,0,0,0,0,10,,0,1
1070,现形神水,46,1,1,0,0,55,224,0,0,0,0,0,0,0,0,0,0,0,0,0,0,10,,0,1
1071,鉴心镜,46,1,1,0,0,55,777,0,0,0,0,0,0,0,0,0,0,0,0,0,0,10,,0,1
1072,灭魔令牌1200,38,0,1,5,1,55,282,20,0,0,0,0,0,0,0,0,0,0,0,0,0,10,0,0,1
1073,藏宝图7200,38,0,1,4,1,55,184,2,0,0,0,0,0,0,0,0,0,0,0,0,0,10,0,0,1
1074,锋利的刀子,46,1,1,0,0,631,2,0,0,0,0,0,0,0,0,0,0,0,0,0,0,10,,0,1
1075,江湖告急令,37,1,1,0,2,3,778,10,0,0,600,3000,0,0,0,0,0,0,0,0,0,10,0,0,1
1076,火影,46,1,1,0,2,3,779,0,0,0,0,0,0,0,0,0,0,0,0,0,0,10,,0,1
1077,爱情之水,37,4,1,1,2,6,780,10,0,0,0,0,0,0,0,0,0,0,0,0,0,10,,0,1
1078,爱情树苗,37,4,1,100,2,3,785,1,0,0,0,0,0,0,0,0,0,0,0,0,0,10,0,0,1
1079,爱情树种,37,3,1,3,2,3,786,1,0,0,0,0,0,0,0,0,0,0,0,0,0,10,0,0,1
1080,精炼五行魔石,46,1,1,0,0,55,752,0,0,0,0,0,0,0,0,0,0,0,0,0,0,10,,0,1
1081,红蛇妖部众的信,46,1,1,0,0,55,263,0,0,0,0,0,0,0,0,0,0,0,0,0,0,10,,0,1
1082,白蛇妖长老的信,46,1,1,0,0,55,263,0,0,0,0,0,0,0,0,0,0,0,0,0,0,10,,0,1
1083,黑蛇妖长老的信,46,1,1,0,0,55,263,0,0,0,0,0,0,0,0,0,0,0,0,0,0,10,,0,1
1084,珠宝店掌柜的信,46,1,1,0,0,55,263,0,0,0,0,0,0,0,0,0,0,0,0,0,0,10,,0,1
1085,书商的信,46,1,1,0,0,689,263,0,0,0,0,0,0,0,0,0,0,0,0,0,0,10,,0,1
1086,铁匠的信,46,1,1,0,0,689,263,0,0,0,0,0,0,0,0,0,0,0,0,0,0,10,,0,1
1087,时光之卷1200,38,0,1,5,1,55,184,20,0,0,0,0,0,0,0,0,0,0,0,0,0,10,0,0,1
1088,时光之卷900,38,0,1,5,1,55,184,15,0,0,0,0,0,0,0,0,0,0,0,0,0,10,0,0,1
1089,宝石箱子,46,1,1,0,0,55,749,0,0,0,0,0,0,0,0,0,0,0,0,0,0,10,,0,1
1090,矿石,46,1,1,0,0,55,217,0,0,0,0,0,0,0,0,0,0,0,0,0,0,10,,0,1
1091,推荐信,46,1,1,0,0,55,263,0,0,0,0,0,0,0,0,0,0,0,0,0,0,10,,0,1
1092,轮子,46,1,1,0,0,55,782,0,0,0,0,0,0,0,0,0,0,0,0,0,0,10,,0,1
1093,魂牌,46,1,1,0,0,55,282,0,0,0,0,0,0,0,0,0,0,0,0,0,0,10,,0,1
1094,道观老人的书信,46,1,1,0,0,55,263,0,0,0,0,0,0,0,0,0,0,0,0,0,0,10,,0,1
1095,上锁的盒子,46,1,1,0,0,55,749,0,0,0,0,0,0,0,0,0,0,0,0,0,0,10,,0,1
1096,五行魔石(金),46,1,1,0,0,55,752,0,0,0,0,0,0,0,0,0,0,0,0,0,0,10,,0,1
1097,五行魔石(木),46,1,1,0,0,55,752,0,0,0,0,0,0,0,0,0,0,0,0,0,0,10,,0,1
1098,五行魔石(火),46,1,1,0,0,55,752,0,0,0,0,0,0,0,0,0,0,0,0,0,0,10,,0,1
1099,五行魔石(土),46,1,1,0,0,55,752,0,0,0,0,0,0,0,0,0,0,0,0,0,0,10,,0,1
1100,五行精魄之石,46,1,1,0,0,55,757,0,0,0,0,0,0,0,0,0,0,0,0,0,0,10,,0,1
1101,奇异矿石,46,1,1,0,0,55,217,0,0,0,0,0,0,0,0,0,0,0,0,0,0,10,,0,1
1102,宝箱1,46,1,1,0,0,55,198,0,0,0,0,0,0,0,0,0,0,0,0,0,0,10,,0,1
1103,无名戒指1,36,5,1,0,0,55,67,0,0,0,0,0,0,0,0,0,0,0,0,0,0,10,,0,1
1104,时光之卷10800,38,0,1,4,1,55,184,3,0,0,0,0,0,0,0,0,0,0,0,0,0,10,0,0,1
1105,时光之卷3600,38,0,1,4,1,55,184,1,0,0,0,0,0,0,0,0,0,0,0,0,0,10,0,0,1
1106,翡翠钥匙,46,1,1,0,0,512,765,0,0,0,0,0,0,0,0,0,0,0,0,0,0,10,,0,1
1107,魔力水晶,46,1,1,0,0,55,306,0,0,0,0,0,0,0,0,0,0,0,0,0,0,10,,0,1
1108,修罗族武器,46,1,1,0,0,55,12,0,0,0,0,0,0,0,0,0,0,0,0,0,0,10,,0,1
1109,黑玉钥匙,46,1,1,0,0,512,765,0,0,0,0,0,0,0,0,0,0,0,0,0,0,10,,0,1
1110,琥珀钥匙,46,1,1,0,0,512,765,0,0,0,0,0,0,0,0,0,0,0,0,0,0,10,,0,1
1111,水晶钥匙,46,1,1,0,0,512,765,0,0,0,0,0,0,0,0,0,0,0,0,0,0,10,,0,1
1112,禁地魔王封印,36,200,1,0,0,3,487,0,0,0,0,0,0,0,0,0,0,0,0,0,0,10,,0,0
1113,幸运魔石,46,1,1,0,0,3,736,0,0,0,0,0,0,0,0,0,0,0,0,0,0,10,,0,1
1114,九重云霄卷轴,36,200,1,0,0,3,183,0,0,0,0,0,0,0,0,0,0,0,0,0,0,10,,0,1
1115,无敌神水,3,16,1,0,0,3,224,0,0,0,0,12,0,0,0,0,0,0,0,0,0,10,,0,0
1116,圣战勋章,30,0,0,0,2,0,214,50000,0,2,0,1,0,3,0,0,0,0,0,46,10000,10,,0,0
1117,魔域八层卷轴,36,200,1,0,0,3,804,0,0,0,0,0,0,0,0,0,0,0,0,0,0,10,,0,1
1118,黑暗轮回卷轴,36,200,1,0,0,3,804,0,0,0,0,0,0,0,0,0,0,0,0,0,0,10,,0,1
1119,铁血魔宫卷轴,36,200,1,0,0,3,804,0,0,0,0,0,0,0,0,0,0,0,0,0,0,10,,0,1
1120,祝福神钥1,38,0,1,4,1,512,765,3,0,0,0,0,0,0,0,0,0,0,0,0,0,10,0,0,1
1121,幸运神钥1,38,0,1,5,1,512,765,90,0,0,0,0,0,0,0,0,0,0,0,0,0,10,0,0,1
1122,幸运神钥2,38,0,1,5,1,512,765,90,0,0,0,0,0,0,0,0,0,0,0,0,0,10,0,0,1
1123,幸运神钥3,38,0,1,5,1,512,765,90,0,0,0,0,0,0,0,0,0,0,0,0,0,10,0,0,1
1124,幸运神钥4,38,0,1,5,1,512,765,90,0,0,0,0,0,0,0,0,0,0,0,0,0,10,0,0,1
1125,幸运神钥5,38,0,1,5,1,512,765,90,0,0,0,0,0,0,0,0,0,0,0,0,0,10,0,0,1
1126,幸运神钥6,38,0,1,5,1,512,765,90,0,0,0,0,0,0,0,0,0,0,0,0,0,10,0,0,1
1127,幸运神钥7,38,0,1,5,1,512,765,90,0,0,0,0,0,0,0,0,0,0,0,0,0,10,0,0,1
1128,灵通宝箱,46,1,1,0,0,0,303,0,0,0,0,0,0,0,0,0,0,0,0,0,0,10,,0,1
1129,祝福神钥2,38,0,1,4,1,512,765,3,0,0,0,0,0,0,0,0,0,0,0,0,0,10,0,0,1
1130,祝福神钥3,38,0,1,4,1,512,765,3,0,0,0,0,0,0,0,0,0,0,0,0,0,10,0,0,1
1131,法神勋章,30,0,0,0,2,0,214,50000,0,2,0,1,0,0,0,3,0,0,0,46,10000,10,,0,0
1132,天尊勋章,30,0,0,0,2,0,214,50000,0,2,0,1,0,0,0,0,0,3,0,46,10000,10,,0,0
1133,铁血魔王封印,36,200,1,0,0,0,803,0,0,0,0,0,0,0,0,0,0,0,0,0,0,10,,0,0
1134,通天教主封印,36,200,1,0,0,0,803,0,0,0,0,0,0,0,0,0,0,0,0,0,0,10,,0,0
1135,利爪魔封印,36,200,1,0,0,0,803,0,0,0,0,0,0,0,0,0,0,0,0,0,0,10,,0,0
1136,闪电魔封印,36,200,1,0,0,0,803,0,0,0,0,0,0,0,0,0,0,0,0,0,0,10,,0,0
1137,逆魔封印,36,200,1,0,0,0,803,0,0,0,0,0,0,0,0,0,0,0,0,0,0,10,,0,0
1138,声望广播卷轴,46,1,1,0,0,55,184,0,0,0,0,0,0,0,0,0,0,0,0,0,0,10,,0,1
1139,修罗天卷,46,1,1,0,0,0,502,0,0,0,0,0,0,0,0,0,0,0,0,0,0,10,,0,1
1140,闯关令牌,46,1,1,0,0,0,487,0,0,0,0,0,0,0,0,0,0,0,0,0,0,10,,0,1
1141,6级宝宝卷轴,3,200,1,0,0,0,789,0,0,0,0,0,0,0,0,0,0,0,0,0,0,10,,0,0
1142,7级宝宝卷轴,3,200,1,0,0,0,789,0,0,0,0,0,0,0,0,0,0,0,0,0,0,10,,0,0
1143,8级宝宝卷轴,3,200,1,0,0,0,789,0,0,0,0,0,0,0,0,0,0,0,0,0,0,10,,0,0
1144,9级宝宝卷轴,3,200,1,0,0,0,789,0,0,0,0,0,0,0,0,0,0,0,0,0,0,10,,0,0
1145,5级宝宝卷轴,3,200,1,0,0,0,789,0,0,0,0,0,0,0,0,0,0,0,0,0,0,10,,0,0
1146,5级真气卷轴,3,201,1,1,2,0,790,10,0,0,0,0,0,0,0,0,0,0,0,0,0,10,,0,0
1147,6级真气卷轴,3,201,1,1,2,0,790,10,0,0,0,0,0,0,0,0,0,0,0,0,0,10,,0,0
1148,7级真气卷轴,3,201,1,1,2,0,790,10,0,0,0,0,0,0,0,0,0,0,0,0,0,10,,0,0
1149,5级金刚卷轴,3,201,1,1,2,0,791,10,0,0,0,0,0,0,0,0,0,0,0,0,0,10,,0,0
1150,6级金刚卷轴,3,201,1,1,2,0,791,10,0,0,0,0,0,0,0,0,0,0,0,0,0,10,,0,0
1151,7级金刚卷轴,3,201,1,1,2,0,791,10,0,0,0,0,0,0,0,0,0,0,0,0,0,10,,0,0
1152,修罗神殿卷轴,3,200,1,0,0,0,804,0,0,0,0,0,0,0,0,0,0,0,0,0,0,10,,0,1
1153,修罗神殿天书,3,200,1,0,0,0,762,0,0,0,0,0,0,0,0,0,0,0,0,0,0,10,,0,1
1154,修罗军团封印,3,200,1,0,0,0,487,0,0,0,0,0,0,0,0,0,0,0,0,0,0,10,,0,1
1155,修罗军团封印包,31,0,7,1154,0,0,242,6,0,0,0,0,0,0,0,0,0,0,0,0,680,10,,0,0
1156,极品神铁,3,200,4,0,0,0,792,10000,0,0,0,0,0,0,0,0,0,0,0,0,1000,10,,0,0
1157,天山雪莲,0,200,3,0,2,0,793,1,0,0,0,0,0,0,0,0,0,0,0,1,100000,10,,0,0
1158,深海灵礁,0,200,3,0,2,0,794,1,0,0,0,0,0,0,0,0,0,0,0,1,100000,10,,0,0
1159,隐身蚕甲,3,200,1,0,2,0,795,8000,0,2,1,2,0,0,0,1,0,0,0,38,8600,10,0,0,0
1160,隐形蚕丹,3,200,1,0,2,0,796,8000,0,2,1,2,0,0,0,1,0,0,0,38,8600,10,0,0,0
1161,北海玄冰,52,200,1,0,2,0,797,1000,0,0,0,0,0,0,0,0,0,0,0,0,0,10,0,0,0
1162,冰泉圣水,3,200,1,0,2,0,798,1000,0,0,0,0,0,0,0,0,0,0,0,0,0,10,0,0,0
1163,6级宝宝卷轴包,31,0,7,1141,0,0,799,6,0,0,0,0,0,0,0,0,0,0,0,0,680,10,,0,0
1164,7级宝宝卷轴包,31,0,7,1142,0,0,799,6,0,0,0,0,0,0,0,0,0,0,0,0,680,10,,0,0
1165,8级宝宝卷轴包,31,0,7,1143,0,0,799,6,0,0,0,0,0,0,0,0,0,0,0,0,680,10,,0,0
1166,9级宝宝卷轴包,31,0,7,1144,0,0,799,6,0,0,0,0,0,0,0,0,0,0,0,0,680,10,,0,0
1167,5级宝宝卷轴包,31,0,7,1145,0,0,799,6,0,0,0,0,0,0,0,0,0,0,0,0,680,10,,0,0
1168,5级真气卷轴包,31,0,7,1146,0,0,800,6,0,0,0,0,0,0,0,0,0,0,0,0,680,10,,0,0
1169,6级真气卷轴包,31,0,7,1147,0,0,800,6,0,0,0,0,0,0,0,0,0,0,0,0,680,10,,0,0
1170,7级真气卷轴包,31,0,7,1148,0,0,800,6,0,0,0,0,0,0,0,0,0,0,0,0,680,10,,0,0
1171,5级金刚卷轴包,31,0,7,1149,0,0,801,6,0,0,0,0,0,0,0,0,0,0,0,0,680,10,,0,0
1172,6级金刚卷轴包,31,0,7,1150,0,0,801,6,0,0,0,0,0,0,0,0,0,0,0,0,680,10,,0,0
1173,7级金刚卷轴包,31,0,7,1151,0,0,801,6,0,0,0,0,0,0,0,0,0,0,0,0,680,10,,0,0
1174,五色补天石,46,1,1,0,0,0,802,0,0,0,0,0,0,0,0,0,0,0,0,0,0,10,,0,1
1175,灵符1,46,1,1,0,2,3,737,0,0,0,0,0,0,0,0,0,0,0,0,0,0,10,,0,1
1176,天之裁决,6,24,80,0,2,8,24,32000,0,0,0,0,0,32,0,0,0,0,5,35,60000,10,24,0,1
1177,天之龙纹,5,25,40,0,2,8,27,22000,0,0,0,0,8,20,0,0,3,8,5,35,50000,10,27,0,1
1178,天之骨玉,6,28,20,0,2,8,29,18000,0,0,0,0,6,12,2,7,0,0,5,35,50000,10,29,0,1
1179,天之神甲,10,12,20,0,2,8,293,30000,6,13,5,8,0,3,0,6,0,6,5,30,60000,10,,0,1
1180,天之魔衣,11,12,20,0,2,8,294,30000,6,13,5,8,0,3,0,6,0,6,5,30,60000,10,,0,1
1181,天之幸运项链,19,0,2,5,2,8,167,5000,0,0,0,3,0,0,0,4,0,0,5,35,100000,10,,0,1
1182,极品卷轴,46,1,1,0,2,3,805,0,0,0,0,0,0,0,0,0,0,0,0,0,0,10,,0,1
1183,传音海螺,37,5,1,0,2,3,806,10,0,0,0,0,0,0,0,0,0,0,0,0,0,10,,0,1
1184,复活卷轴,46,1,1,0,2,3,807,0,0,0,0,0,0,0,0,0,0,0,0,0,0,10,,0,1
1185,迷彩泡泡,46,1,1,0,2,3,808,0,0,0,0,0,0,0,0,0,0,0,0,0,0,10,,0,1
1186,魔境传送卷轴,46,1,1,0,2,3,809,0,0,0,0,0,0,0,0,0,0,0,0,0,0,10,,0,1
1187,魔域八层天书,3,200,1,0,0,0,762,0,0,0,0,0,0,0,0,0,0,0,0,0,0,10,,0,1
1188,黑暗轮回天书,3,200,1,0,0,0,762,0,0,0,0,0,0,0,0,0,0,0,0,0,0,10,,0,1
1189,九重云霄天书,3,200,1,0,0,0,762,0,0,0,0,0,0,0,0,0,0,0,0,0,0,10,,0,1
1190,生锈的天之裁决,6,24,80,0,2,8,24,32000,0,0,0,0,0,0,0,0,0,0,5,35,60000,10,24,0,1
1191,生锈的天之龙纹,5,25,40,0,2,8,27,22000,0,0,0,0,0,0,0,0,0,0,5,35,50000,10,27,0,1
1192,生锈的天之骨玉,6,28,20,0,2,8,29,18000,0,0,0,0,0,0,0,0,0,0,5,35,50000,10,29,0,1
9999,人民币,46,1,1,0,2,3,737,0,0,0,0,0,0,0,0,0,0,0,0,0,0,10,,0,1
1193,炼狱神木,46,1,1,0,0,0,245,0,0,0,0,0,0,0,0,0,0,0,0,0,5000,10,,0,1
1194,精密宝箱(一),46,1,1,0,0,0,303,0,0,0,0,0,0,0,0,0,0,0,0,0,0,10,,0,1
1195,精密宝箱(二),46,1,1,0,0,0,303,0,0,0,0,0,0,0,0,0,0,0,0,0,0,10,,0,1
1196,精密宝箱(三),46,1,1,0,0,0,303,0,0,0,0,0,0,0,0,0,0,0,0,0,0,10,,0,1
1197,精密宝箱(四),46,1,1,0,0,0,303,0,0,0,0,0,0,0,0,0,0,0,0,0,0,10,,0,1
1198,精密宝箱(五),46,1,1,0,0,0,303,0,0,0,0,0,0,0,0,0,0,0,0,0,0,10,,0,1
10000,朱雀刀,46,1,1,0,2,3,737,0,0,0,0,0,0,0,0,0,0,0,0,0,0,10,,0,1
1199,通天教主披风,49,18,1,0,2,3,818,30,0,300,10,198,0,0,0,0,0,0,0,0,0,10,,0,1
1200,铁血魔王披风,49,18,1,0,2,3,818,30,0,300,20,221,0,0,0,0,0,0,0,0,0,10,,0,1
1201,阿修罗神披风,49,18,1,0,2,3,818,30,0,300,18,235,0,0,0,0,0,0,0,0,0,10,,0,1
1202,白蛇妖披风,49,18,1,0,2,3,817,30,0,300,19,142,0,0,0,0,0,0,0,0,0,10,,0,1
1203,尸霸披风,49,18,1,0,2,3,817,30,0,300,14,69,0,0,0,0,0,0,0,0,0,10,,0,1
1204,炎魔披风,49,18,1,0,2,3,817,30,0,300,18,219,0,0,0,0,0,0,0,0,0,10,,0,1
1205,魔斗士披风,49,18,1,0,2,3,817,30,0,300,18,226,0,0,0,0,0,0,0,0,0,10,,0,1
1206,黑袍修罗披风,49,18,1,0,2,3,817,30,0,300,18,234,0,0,0,0,0,0,0,0,0,10,,0,1
1207,烈焰使披风,49,18,1,0,2,3,817,30,0,300,19,197,0,0,0,0,0,0,0,0,0,10,,0,1
1208,大刀卫士披风,49,18,1,0,2,3,818,30,0,300,12,115,0,0,0,0,0,0,0,0,0,10,,0,1
1209,枣红马披风,49,18,1,0,2,3,810,30,0,300,11,151,0,0,0,0,0,0,0,0,0,10,,0,1
1210,麒麟披风,49,18,1,0,2,3,810,30,0,300,55,111,0,0,0,0,0,0,0,0,0,10,,0,1
1211,小猪披风,49,18,1,0,2,3,810,30,0,300,19,180,0,0,0,0,0,0,0,0,0,10,,0,1
1212,小兔披风,49,18,1,0,2,3,810,30,0,300,11,181,0,0,0,0,0,0,0,0,0,10,,0,1
1213,巨猿披风,49,18,1,0,2,3,810,30,0,300,19,30,0,0,0,0,0,0,0,0,0,10,,0,1
10001,白鹿剑,46,1,1,0,2,3,737,0,0,0,0,0,0,0,0,0,0,0,0,0,0,10,,0,1
10002,传世币,46,1,1,0,2,3,737,0,0,0,0,0,0,0,0,0,0,0,0,0,0,10,,0,1
10003,静泉剑,46,1,1,0,2,3,737,0,0,0,0,0,0,0,0,0,0,0,0,0,0,10,,0,1
10004,惊涛刀,46,1,1,0,2,3,737,0,0,0,0,0,0,0,0,0,0,0,0,0,0,10,,0,1
10005,寒枝剑,46,1,1,0,2,3,737,0,0,0,0,0,0,0,0,0,0,0,0,0,0,10,,0,1
10006,红袖刀,46,1,1,0,2,3,737,0,0,0,0,0,0,0,0,0,0,0,0,0,0,10,,0,1
10007,青冥剑,46,1,1,0,2,3,737,0,0,0,0,0,0,0,0,0,0,0,0,0,0,10,,0,1
10008,鸿翼刀,46,1,1,0,2,3,737,0,0,0,0,0,0,0,0,0,0,0,0,0,0,10,,0,1
10009,流云剑,46,1,1,0,2,3,737,0,0,0,0,0,0,0,0,0,0,0,0,0,0,10,,0,1
1214,豹魔石,49,51,1,0,2,3,811,0,0,0,0,0,0,0,0,0,0,0,0,0,0,10,0,0,1
1215,豹粮,49,52,1,0,1,3,812,0,0,0,0,0,0,0,0,0,0,0,0,0,0,10,0,0,1
1216,豹神水,46,1,1,0,1,3,813,0,0,0,0,0,0,0,0,0,0,0,0,0,0,10,0,0,1
1217,传承珠,9,1,1,0,2,631,814,0,0,0,0,0,0,0,0,0,0,0,0,0,0,10,0,0,1
1218,豹粮(捆),31,0,6,1215,2,3,815,6,0,0,0,0,0,0,0,0,0,0,0,0,0,10,0,0,1
1219,生存点,46,1,1,0,0,0,816,0,0,0,0,0,0,0,0,0,0,0,0,0,0,10,0,0,1
1220,夫妻封印,3,200,1,0,0,0,487,0,0,0,0,0,0,0,0,0,0,0,0,0,0,10,,0,1
1221,师徒封印,3,200,1,0,0,0,487,0,0,0,0,0,0,0,0,0,0,0,0,0,0,10,,0,1
1222,行会封印,3,200,1,0,0,0,487,0,0,0,0,0,0,0,0,0,0,0,0,0,0,10,,0,1
1223,通天教主披风1,3,201,1,0,2,3,818,2,0,300,10,198,0,0,0,0,0,0,0,0,0,10,,0,0
1224,铁血魔王披风1,3,201,1,0,2,3,818,2,0,300,20,221,0,0,0,0,0,0,0,0,0,10,,0,0
1225,阿修罗神披风1,3,201,1,0,2,3,818,2,0,300,18,235,0,0,0,0,0,0,0,0,0,10,,0,0
1226,白蛇妖披风1,3,201,1,0,2,3,817,2,0,300,19,142,0,0,0,0,0,0,0,0,0,10,,0,0
1227,尸霸披风1,3,201,1,0,2,3,817,2,0,300,14,69,0,0,0,0,0,0,0,0,0,10,,0,0
1228,炎魔披风1,3,201,1,0,2,3,817,2,0,300,18,219,0,0,0,0,0,0,0,0,0,10,,0,0
1229,魔斗士披风1,3,201,1,0,2,3,817,2,0,300,18,226,0,0,0,0,0,0,0,0,0,10,,0,0
1230,黑袍修罗披风1,3,201,1,0,2,3,817,2,0,300,18,234,0,0,0,0,0,0,0,0,0,10,,0,0
1231,烈焰使披风1,3,201,1,0,2,3,817,2,0,300,19,197,0,0,0,0,0,0,0,0,0,10,,0,0
1232,大刀卫士披风1,3,201,1,0,2,3,818,2,0,300,12,115,0,0,0,0,0,0,0,0,0,10,,0,0
1233,枣红马披风1,3,201,1,0,2,3,810,2,0,300,11,151,0,0,0,0,0,0,0,0,0,10,,0,0
1234,麒麟披风1,3,201,1,0,2,3,810,2,0,300,55,111,0,0,0,0,0,0,0,0,0,10,,0,0
1235,小猪披风1,3,201,1,0,2,3,810,2,0,300,19,180,0,0,0,0,0,0,0,0,0,10,,0,0
1236,小兔披风1,3,201,1,0,2,3,810,2,0,300,11,181,0,0,0,0,0,0,0,0,0,10,,0,0
1237,巨猿披风1,3,201,1,0,2,3,810,2,0,300,19,30,0,0,0,0,0,0,0,0,0,10,,0,0
1238,魔幻变身披风,49,18,1,0,2,3,819,30,0,300,19,30,0,0,0,0,0,0,0,0,0,10,,0,1
1239,极品令牌,46,1,1,0,0,0,282,0,0,0,0,0,0,0,0,0,0,0,0,0,0,10,,0,1
1240,凤凰宝藏,46,1,1,0,0,0,303,0,0,0,0,0,0,0,0,0,0,0,0,0,0,10,,0,1
1241,鱼肠令,46,1,1,0,2,3,487,0,0,0,0,0,0,0,0,0,0,0,0,0,0,10,,0,1
1242,湛卢令,46,1,1,0,2,3,487,0,0,0,0,0,0,0,0,0,0,0,0,0,0,10,,0,1
1243,巨阙令,46,1,1,0,2,3,487,0,0,0,0,0,0,0,0,0,0,0,0,0,0,10,,0,1
1244,轰天雷,3,200,1,0,0,0,820,1,2,2,2,10,0,0,0,0,0,0,0,0,80,1,,0,1
1245,天雷,46,0,1,0,0,0,820,1,2,2,2,10,0,0,0,0,0,0,0,0,80,1,,0,1
1246,幸运魔盒5,7,4,1,0,0,0,741,10,0,0,0,0,0,0,0,0,0,0,0,0,0,10,,0,0
1247,幸运魔盒6,7,5,1,0,0,0,741,10,0,0,0,0,0,0,0,0,0,0,0,0,0,10,,0,0
1248,普通藏宝图,46,0,1,4,1,0,821,2,0,0,0,0,0,0,0,0,0,0,0,0,0,10,0,0,1
1249,组合藏宝图,46,0,1,4,1,0,821,2,0,0,0,0,0,0,0,0,0,0,0,0,0,10,0,0,1
1250,已开藏宝图7200,38,0,1,4,1,631,822,2,0,0,0,0,0,0,0,0,0,0,0,0,0,10,0,0,1
1251,远古石盒1,46,1,1,0,0,631,823,0,0,0,0,0,0,0,0,0,0,0,0,0,0,10,,0,1
1252,远古石盒2,46,1,1,0,0,631,823,0,0,0,0,0,0,0,0,0,0,0,0,0,0,10,,0,1
1253,远古石盒31,46,1,1,0,0,631,823,0,0,0,0,0,0,0,0,0,0,0,0,0,0,10,,0,1
1254,远古石盒32,46,1,1,0,0,631,823,0,0,0,0,0,0,0,0,0,0,0,0,0,0,10,,0,1
1255,文字卷轴,46,1,1,0,0,0,824,0,0,0,0,0,0,0,0,0,0,0,0,0,0,10,,0,1
1256,竞争藏宝图,46,1,1,0,0,0,821,0,0,0,0,0,0,0,0,0,0,0,0,0,0,10,,0,1
1257,爆骨,54,3,1,5,0,0,812,0,0,0,0,0,0,0,0,0,0,0,0,0,0,10,,0,1
1258,灭魔弹,3,200,1,0,0,0,820,1,2,2,2,10,0,0,0,0,0,0,0,0,80,1,,0,1
1259,灭魔弹1,46,0,1,0,0,0,820,1,2,2,2,10,0,0,0,0,0,0,0,0,80,1,,0,1
1260,轰天雷1,3,200,1,0,0,0,820,1,2,2,2,10,0,0,0,0,0,0,0,0,80,1,,0,1
1261,轰天雷2,3,200,1,0,0,0,820,1,2,2,2,10,0,0,0,0,0,0,0,0,80,1,,0,1
1262,轰天雷3,3,200,1,0,0,0,820,1,2,2,2,10,0,0,0,0,0,0,0,0,80,1,,0,1
1263,轰天雷4,3,200,1,0,0,0,820,1,2,2,2,10,0,0,0,0,0,0,0,0,80,1,,0,1
1264,远古宝盒,46,1,1,0,0,631,823,0,0,0,0,0,0,0,0,0,0,0,0,0,0,10,,0,1
1265,银行卡礼盒,3,200,1,0,0,0,303,0,0,0,0,0,0,0,0,0,0,0,0,0,0,10,,0,0
1266,灵符(包),31,0,6,947,2,3,825,5,0,0,0,0,0,0,0,0,0,0,0,0,0,10,0,0,1
1267,双倍白天卡,49,19,1,0,2,513,826,1,0,0,0,0,0,0,0,0,0,0,0,0,0,10,,0,1
1268,双倍晚间卡,49,20,1,0,2,513,827,1,0,0,0,0,0,0,0,0,0,0,0,0,0,10,,0,1
1269,双倍白天卡1,49,19,1,0,2,513,826,7,0,0,0,0,0,0,0,0,0,0,0,0,0,10,,0,1
1270,双倍晚间卡1,49,20,1,0,2,513,827,7,0,0,0,0,0,0,0,0,0,0,0,0,0,10,,0,1
1271,双倍经验包天卡,49,21,1,0,2,513,829,1,0,0,0,0,0,0,0,0,0,0,0,0,0,10,,0,1
1272,双倍经验包周卡,49,21,1,0,2,513,828,7,0,0,0,0,0,0,0,0,0,0,0,0,0,10,,0,1
1273,超级技能项链,18,150,1,3,2,3075,832,30000,0,0,0,0,0,0,0,0,0,0,0,1,0,10,1,0,0
1274,飞来横福,46,1,1,0,0,0,831,0,0,0,0,0,0,0,0,0,0,0,0,0,0,10,,0,1
1275,超级天山雪莲,0,200,3,0,2,51,793,10,0,0,0,0,0,0,0,0,0,0,0,1,100000,10,,0,0
1276,超级深海灵礁,0,200,3,0,2,51,794,10,0,0,0,0,0,0,0,0,0,0,0,1,100000,10,,0,0
1277,造化丹,46,1,1,0,2,119,796,0,0,0,0,0,0,0,0,0,0,0,0,0,0,10,,0,1
1278,轮回元神珠,46,1,1,0,2,119,814,0,0,0,0,0,0,0,0,0,0,0,0,0,0,10,,0,1
1279,7级宠物强化卷,3,201,1,0,2,3123,789,10,0,0,0,0,0,0,0,0,0,0,0,0,0,10,,0,0
1280,7级护身强化卷,3,201,1,1,2,3123,790,20,0,0,0,0,0,0,0,0,0,0,0,0,0,10,,0,0
1281,7级金刚强化卷,3,201,1,1,2,3123,791,20,0,0,0,0,0,0,0,0,0,0,0,0,0,10,,0,0
1282,道尊神符,34,5,2,0,2,3123,833,10000,1,0,0,0,0,0,0,0,0,0,0,0,1000,10,,0,0
1283,道尊灵毒(绿),25,1,3,0,2,3123,834,3000,1,0,0,0,0,0,0,0,0,0,0,1,15000,10,,0,0
1284,道尊灵毒(红),25,2,3,0,2,3123,835,3000,1,0,0,0,0,0,0,0,0,0,0,1,15000,10,,0,0
1285,治疗神水,0,201,1,0,2,3123,856,15,100,0,160,0,0,0,0,0,0,0,0,1,100000,10,,0,0
1286,超级冰泉圣水,3,201,3,0,2,3123,798,10,0,0,0,0,0,0,0,0,0,0,0,0,0,10,0,0,0
1287,神佑天降,3,200,1,0,2,3123,796,10000,0,2,1,2,0,0,0,1,0,0,0,38,8600,10,0,0,0
1288,回城神石,3,17,1,10,2,3123,729,50,0,0,0,0,0,0,0,0,0,0,0,0,0,10,0,0,1
1289,传音号角,37,6,1,0,2,3123,836,10,0,0,0,0,0,0,0,0,0,0,0,0,0,10,,0,1
1290,爱情魔戒,22,250,1,0,2,3123,837,11000,0,0,0,0,0,0,0,0,0,0,0,0,0,10,,0,1
1291,师徒神镯,24,250,1,0,2,3123,838,10000,0,0,0,0,0,0,0,0,0,0,0,0,0,10,,0,1
1292,结义圣链,19,250,1,0,2,3123,839,10000,0,0,0,0,0,0,0,0,0,0,0,0,0,10,,0,1
1293,乾坤药袋,37,202,1,0,2,3123,840,50,0,0,0,0,0,0,0,0,0,0,0,0,0,10,,0,1
1294,还魂石,3,18,1,600,2,3123,841,2,0,0,0,0,0,0,0,0,0,0,0,0,0,10,,0,1
1295,元神,70,0,1,10,2,567,842,0,0,0,0,0,0,0,0,0,0,0,0,0,0,10,,0,1
1296,元神11,70,1,1,10,2,567,843,0,0,0,0,0,0,0,0,0,0,0,0,0,0,10,,0,1
1297,元神12,70,1,1,10,2,567,845,0,0,0,0,0,0,0,0,0,0,0,0,0,0,10,,0,1
1298,元神21,70,2,1,10,2,567,844,0,0,0,0,0,0,0,0,0,0,0,0,0,0,10,,0,1
1299,元神22,70,2,1,10,2,567,846,0,0,0,0,0,0,0,0,0,0,0,0,0,0,10,,0,1
1300,天魂灵石,71,1,1,0,2,0,847,0,0,0,0,0,0,0,0,0,0,0,0,0,0,10,,0,1
1301,地魂灵石,71,2,1,0,2,0,848,1000,0,0,0,0,0,0,0,0,0,0,0,0,0,10,,0,1
1302,命魂灵石,71,3,1,0,2,0,849,1000,0,0,0,0,0,0,0,0,0,0,0,0,0,10,,0,1
1303,天冲灵石,71,4,1,0,2,0,850,1000,0,0,0,0,0,0,0,0,0,0,0,0,0,10,,0,1
1304,灵慧灵石,71,5,1,0,2,0,851,1000,0,0,0,0,0,0,0,0,0,0,0,0,0,10,,0,1
1305,力魄灵石,71,6,1,0,2,0,852,1000,0,0,0,0,0,0,0,0,0,0,0,0,0,10,,0,1
1306,山海精华,71,7,1,0,2,0,853,1000,0,0,0,0,0,0,0,0,0,0,0,0,0,10,,0,1
1307,草木之灵,71,8,1,0,2,0,854,1000,0,0,0,0,0,0,0,0,0,0,0,0,0,10,,0,1
1308,五行神石,46,1,1,0,0,55,752,0,0,0,0,0,0,0,0,0,0,0,0,0,0,10,,0,1
1309,王城诏令,46,1,1,0,0,55,791,0,0,0,0,0,0,0,0,0,0,0,0,0,0,10,,0,1
1310,五行乾坤丹,46,1,1,0,0,55,796,0,0,0,0,0,0,0,0,0,0,0,0,0,0,10,,0,1
1311,神武令,46,1,1,0,0,55,282,0,0,0,0,0,0,0,0,0,0,0,0,0,0,10,,0,1
1312,特级魔法药袋,31,0,100,935,0,0,855,6,0,0,0,0,0,0,0,0,0,0,0,0,3400,10,,0,0
1313,特级金创药袋,31,0,100,934,0,0,855,6,0,0,0,0,0,0,0,0,0,0,0,0,3400,10,,0,0
1314,超级魔法药袋,31,0,100,192,0,0,855,6,0,0,0,0,0,0,0,0,0,0,0,0,3400,10,,0,0
1315,超级金创药袋,31,0,100,191,0,0,855,6,0,0,0,0,0,0,0,0,0,0,0,0,3400,10,,0,0
1316,中包魔法药袋,31,0,50,259,0,0,855,6,0,0,0,0,0,0,0,0,0,0,0,0,3400,10,,0,0
1317,中包金创药袋,31,0,50,258,0,0,855,6,0,0,0,0,0,0,0,0,0,0,0,0,3400,10,,0,0
1318,小包魔法药袋,31,0,30,257,0,0,855,6,0,0,0,0,0,0,0,0,0,0,0,0,3400,10,,0,0
1319,小包金创药袋,31,0,30,256,0,0,855,6,0,0,0,0,0,0,0,0,0,0,0,0,3400,10,,0,0
1320,太阳水药袋,31,0,3,159,0,0,855,6,0,0,0,0,0,0,0,0,0,0,0,0,3400,10,,0,0
1321,强效太阳水药袋,31,0,6,193,0,0,855,6,0,0,0,0,0,0,0,0,0,0,0,0,3400,10,,0,0
1322,昆仑玄铁,71,9,1,0,2,0,857,1000,0,0,0,0,0,0,0,0,0,0,0,0,0,10,,0,1
1323,中枢灵石,71,10,1,0,2,0,858,1000,0,0,0,0,0,0,0,0,0,0,0,0,0,10,,0,1
1324,幸运法符,46,1,1,0,0,0,737,0,0,0,0,0,0,0,0,0,0,0,0,0,0,10,,0,1
1325,老兵的信,46,1,1,0,0,0,263,1,0,0,0,0,0,0,0,0,0,0,0,0,10,10,,0,1
1326,天音号角,37,7,1,0,2,3105,836,10,0,0,0,0,0,0,0,0,0,0,0,0,0,10,,0,1
1327,快乐宝典,55,0,1,0,2,55,859,1,0,0,0,0,0,0,0,0,0,0,0,0,10,10,,0,1
1328,快乐宝典1,55,0,1,0,2,55,859,1,0,0,0,0,0,0,0,0,0,0,0,0,10,10,,0,1
1329,战神头盔,15,155,20,0,2,0,860,7000,4,6,2,4,0,2,0,0,0,0,0,43,45000,10,,0,0
1330,战神项链,19,155,2,0,2,0,861,7000,0,0,0,2,4,7,0,0,0,0,0,43,45000,10,,0,0
1331,战神手镯,24,155,2,0,2,0,862,7000,0,2,0,0,3,4,0,0,0,0,0,44,45000,10,,0,0
1332,战神戒指,22,155,2,0,2,0,863,7000,0,0,1,2,1,8,0,0,0,0,0,44,45000,10,,0,0
1333,战神靴子,81,0,3,861,2,256,864,10000,0,0,1,2,1,3,0,0,0,0,0,45,15000,10,0,0,0
1334,战神腰带,58,0,1,862,2,256,865,10000,0,0,0,2,1,2,0,0,0,0,0,45,15000,10,0,0,0
1335,魔神头盔,15,155,2,0,2,0,866,7000,4,5,1,2,0,0,0,2,0,0,0,43,45000,10,,0,0
1336,魔神项链,19,155,1,10,2,0,867,7000,0,0,0,2,0,0,2,9,0,0,0,43,45000,10,,0,0
1337,魔神手镯,26,155,1,10,2,0,868,7000,1,2,0,0,0,0,1,5,0,0,0,44,45000,10,,0,0
1338,魔神戒指,22,155,1,20,2,0,869,7000,0,0,1,2,0,0,2,7,0,0,0,44,45000,10,,0,0
1339,魔神法靴,81,0,1,861,2,256,870,9000,1,3,0,0,0,0,1,3,0,0,0,45,15000,10,0,0,0
1340,魔神腰带,58,0,1,862,2,256,871,10000,1,3,0,0,0,0,1,2,0,0,0,45,15000,10,0,0,0
1341,道神头盔,15,155,3,0,2,0,872,7000,4,6,1,2,0,0,0,0,1,1,0,46,45000,10,,0,0
1342,道神项链,19,155,1,0,2,0,873,7000,0,0,0,2,0,0,0,0,3,8,0,46,45000,10,,0,0
1343,道神手镯,26,155,1,0,2,0,874,7000,2,3,0,0,0,0,0,0,2,5,0,46,45000,10,,0,0
1344,道神戒指,22,155,1,0,2,0,875,7000,0,0,1,2,0,0,0,0,3,8,0,46,45000,10,,0,0
1345,道神道靴,81,0,2,861,2,256,876,10000,1,2,0,0,0,0,0,0,0,3,0,46,15000,10,0,0,0
1346,道神腰带,58,0,1,862,2,256,877,10000,1,3,0,0,0,0,0,0,1,2,0,46,15000,10,0,0,0
1347,易名心咒,37,8,1,0,2,3123,878,1,0,0,0,0,0,0,0,0,0,0,0,0,0,10,,0,1
1348,天缘玉佩,72,0,1,0,2,311,879,1,0,0,0,0,0,0,0,0,0,0,0,0,0,10,,0,1
1349,师徒心锁,72,0,1,0,2,311,880,1,0,0,0,0,0,0,0,0,0,0,0,0,0,10,,0,1
1350,驱魔剑,5,57,7,0,1,567,31,40000,0,0,0,0,0,0,0,0,0,0,0,1,50,1,31,0,1
1351,灭魔令牌600,38,0,1,5,1,55,282,10,0,0,0,0,0,0,0,0,0,0,0,0,0,10,0,0,1
1352,黑暗钥匙,46,1,1,0,0,512,765,0,0,0,0,0,0,0,0,0,0,0,0,0,0,10,,0,1
1353,烟花筒,52,155,1,0,0,3,881,0,0,0,0,0,0,0,0,0,0,0,0,0,0,10,,0,1
1354,真视水晶,37,9,1,0,0,3075,882,10,0,0,0,0,0,0,0,0,0,0,0,0,0,10,,0,1
1355,灵狗神佑,29,150,1,3,0,3075,883,7000,0,0,0,0,0,0,0,0,0,0,0,0,0,10,,0,1
1356,双倍两小时卡,49,61,1,0,2,513,826,2,0,0,0,0,0,0,0,0,0,0,0,0,0,10,,0,1
1377,王城诏令1,46,1,1,0,0,567,791,0,0,0,0,0,0,0,0,0,0,0,0,0,0,10,,0,
1378,王城诏令2,46,1,1,0,0,567,791,0,0,0,0,0,0,0,0,0,0,0,0,0,0,10,,0,
1379,王城诏令3,46,1,1,0,0,567,791,0,0,0,0,0,0,0,0,0,0,0,0,0,0,10,,0,
1380,王城诏令4,46,1,1,0,0,567,791,0,0,0,0,0,0,0,0,0,0,0,0,0,0,10,,0,
1381,王城诏令5,46,1,1,0,0,567,791,0,0,0,0,0,0,0,0,0,0,0,0,0,0,10,,0,
1382,王城诏令6,46,1,1,0,0,567,791,0,0,0,0,0,0,0,0,0,0,0,0,0,0,10,,0,
1383,王城诏令7,46,1,1,0,0,567,791,0,0,0,0,0,0,0,0,0,0,0,0,0,0,10,,0,
1384,王城诏令8,46,1,1,0,0,567,791,0,0,0,0,0,0,0,0,0,0,0,0,0,0,10,,0,
1385,王城诏令9,46,1,1,0,0,567,791,0,0,0,0,0,0,0,0,0,0,0,0,0,0,10,,0,
1386,王城诏令10,46,1,1,0,0,567,791,0,0,0,0,0,0,0,0,0,0,0,0,0,0,10,,0,
1387,玄冰神铁,43,0,1,0,0,0,491,60000,0,0,0,0,0,0,0,0,0,0,0,0,0,10,,0,
1388,圣战奇矿,46,0,1,0,0,0,792,0,0,0,0,0,0,0,0,0,0,0,0,0,0,10,,0,
1389,法神之火,46,0,1,0,0,0,787,0,0,0,0,0,0,0,0,0,0,0,0,0,0,10,,0,
1390,天尊灵石,46,0,1,0,0,0,753,0,0,0,0,0,0,0,0,0,0,0,0,0,0,10,,0,
1391,玄冰玉佩,46,0,1,0,0,0,781,0,0,0,0,0,0,0,0,0,0,0,0,0,0,10,,0,
1392,玄冰玉佩1,46,0,1,0,0,0,776,0,0,0,0,0,0,0,0,0,0,0,0,0,0,10,,0,
1393,寒冰灵石,46,0,1,0,0,0,306,0,0,0,0,0,0,0,0,0,0,0,0,0,0,10,,0,
1366,黑水晶,46,0,1,0,0,0,748,0,0,0,0,0,0,0,0,0,0,0,0,0,0,10,,0,
1367,怪物锁,46,0,1,0,0,0,303,0,0,0,0,0,0,0,0,0,0,0,0,0,0,10,,0,
1368,灵符2,3,202,1,0,2,0,0,0,0,0,0,0,0,0,0,0,0,0,0,0,0,10,,0,
1369,禁地魔王之魂,46,0,1,0,0,0,740,0,0,0,0,0,0,0,0,0,0,0,0,0,0,10,,0,
1370,通天教主之魂,46,0,1,0,0,0,740,0,0,0,0,0,0,0,0,0,0,0,0,0,0,10,,0,
1371,铁血魔王之魂,46,0,1,0,0,0,740,0,0,0,0,0,0,0,0,0,0,0,0,0,0,10,,0,
1372,阿修罗神之魂,46,0,1,0,0,0,740,0,0,0,0,0,0,0,0,0,0,0,0,0,0,10,,0,
1394,元神初级剑法,8,0,1,0,0,0,197,7,0,0,0,0,0,0,0,0,0,0,0,0,500,1,,0,
1395,元神攻杀剑法,8,0,1,0,0,0,887,19,0,0,0,0,0,0,0,0,0,0,0,0,2000,1,,0,
1396,元神护身真气,8,0,1,0,0,0,887,19,0,0,0,0,0,0,0,0,0,0,0,0,2000,10,,0,
1397,元神刺杀剑术,8,0,1,0,0,309,887,25,0,0,0,0,0,0,0,0,0,0,0,0,5000,10,,0,
1398,元神半月弯刀,8,0,1,0,0,0,887,28,0,0,0,0,0,0,0,0,0,0,0,1,8000,10,,0,
1399,元神抱月刀,8,0,1,0,0,0,887,27,0,0,0,0,0,0,0,0,0,0,0,0,8000,10,,0,
1400,元神野蛮冲撞,8,0,1,0,0,0,887,30,0,0,0,0,0,0,0,0,0,0,0,0,8000,10,,0,
1401,元神战魂真悟,8,0,1,0,0,0,887,30,0,0,0,0,0,0,0,0,0,0,0,1,10000,10,,0,
1402,元神烈火剑法,8,0,1,0,1,0,887,35,0,0,0,0,0,0,0,0,0,0,0,0,20000,10,,0,
1403,元神雷霆剑,8,0,1,0,1,0,887,34,0,0,0,0,0,0,0,0,0,0,0,0,20000,10,,0,
1404,元神小火球,8,1,1,0,0,0,887,7,0,0,0,0,0,0,0,0,0,0,0,0,500,1,,0,
1405,元神抗拒火环,8,1,1,0,0,0,887,12,0,0,0,0,0,0,0,0,0,0,0,0,500,1,,0,
1406,元神雷电术,8,1,1,0,0,0,887,17,0,0,0,0,0,0,0,0,0,0,0,0,1000,1,,0,
1407,元神冰箭术,8,1,1,0,0,0,887,17,0,0,0,0,0,0,0,0,0,0,0,0,1000,1,,0,
1408,元神法之魄,8,1,1,0,0,309,887,30,0,0,0,0,0,0,0,0,0,0,0,0,10000,1,,0,
1409,元神魔法盾,8,1,1,0,0,0,887,31,0,0,0,0,0,0,0,0,0,0,0,0,10000,10,,0,
1410,元神兽灵术,8,1,1,0,2,0,887,34,0,0,0,0,0,0,0,0,0,0,0,0,10000,1,,0,
1411,元神治疗术,8,2,1,0,0,0,887,7,0,0,0,0,0,0,0,0,0,0,0,0,500,1,,0,
1412,元神精神战法,8,2,1,0,0,0,887,9,0,0,0,0,0,0,0,0,0,0,0,0,500,1,,0,
1413,元神施毒术,8,2,1,0,0,0,887,14,0,0,0,0,0,0,0,0,0,0,0,0,1000,1,,0,
1414,元神诅咒术,8,2,1,0,0,0,887,14,0,0,0,0,0,0,0,0,0,0,0,0,1000,1,,0,
1415,元神灵魂道符,8,2,1,0,0,309,887,18,0,0,0,0,0,0,0,0,0,0,0,0,1000,1,,0,
1416,元神骷髅召唤术,8,2,1,0,0,0,887,19,0,0,0,0,0,0,0,0,0,0,0,1,2000,10,,0,
1417,元神幽灵盾,8,2,1,0,0,0,887,22,0,0,0,0,0,0,0,0,0,0,0,0,5000,10,,0,
1418,元神神圣战甲术,8,2,1,0,0,0,887,25,0,0,0,0,0,0,0,0,0,0,0,0,10000,10,,0,
1419,元神狮子吼,8,2,1,0,0,0,887,26,0,0,0,0,0,0,0,0,0,0,0,0,5000,10,,0,
1420,元神道心清明,8,2,1,0,0,0,887,30,0,0,0,0,0,0,0,0,0,0,0,1,10000,10,,0,
1421,元神召唤神兽,8,2,1,0,1,0,887,35,0,0,0,0,0,0,0,0,0,0,0,0,20000,10,,0,
1422,骷髅头骨,46,1,1,0,0,631,884,0,0,0,0,0,0,0,0,0,0,0,0,0,0,10,,0,1
1423,御兽天袍,37,11,5,0,1,0,885,5000,0,2,0,1,0,0,0,0,0,0,0,1,120,1,,0,0
1424,御兽天衣,37,11,5,0,1,0,886,5000,0,2,0,1,0,0,0,0,0,0,0,1,120,1,,0,0
1425,双倍经验小时卡,49,61,1,0,2,513,826,1,0,0,0,0,0,0,0,0,0,0,0,0,0,10,,0,1
1426,怒斩天下,4,4,1,0,0,0,887,46,0,0,0,0,0,0,0,0,0,0,0,42,1000,1,,0,
1427,天怒惊雷,4,5,1,0,0,0,887,46,0,0,0,0,0,0,0,0,0,0,0,42,1000,1,,0,
1428,天女散花咒,4,6,1,0,0,0,887,46,0,0,0,0,0,0,0,0,0,0,0,42,1000,1,,0,
1429,迷光烈焰,4,7,1,0,0,0,887,46,0,0,0,0,0,0,0,0,0,0,0,42,1000,1,,0,
1430,火毒攻心剑,4,8,1,0,0,0,887,46,0,0,0,0,0,0,0,0,0,0,0,42,1000,1,,0,
1431,神之召唤,4,9,1,0,0,0,887,46,0,0,0,0,0,0,0,0,0,0,0,42,1000,1,,0,
1432,培元宝甲(男),10,17,20,0,1,0,915,30000,6,12,3,6,0,2,1,4,1,4,0,0,1000,10,,0,
1433,培元宝甲(女),11,17,20,0,1,0,916,30000,6,12,3,6,0,2,1,4,1,4,0,0,1000,10,,0,
1434,圣灵精华,37,212,1,,1,0,1060,1,10,0,0,0,0,0,0,0,0,0,0,0,0,10,,0,1
